title,detail_title,job_url,company,company_name_full,company_url,company_url_from_job,salary_list,detail_salary,address_list,detail_location,exp_list,detail_experience,deadline,working_addresses,working_times,desc_mota,desc_yeucau,desc_quyenloi,skills,company_website,company_size,company_industry,company_address,company_description,source,id,site,job_url_direct,location,date_posted,job_type,salary_source,interval,min_amount,max_amount,currency,is_remote,job_level,job_function,listing_type,emails,description,company_logo,company_url_direct,company_addresses,company_num_employees,company_revenue,experience_range,company_rating,company_reviews_count,vacancy_count,work_from_home_type
"Senior Software/Solution Architect (.NET, React)","Senior Software/Solution Architect (.NET, React)",https://itviec.com/it-jobs/senior-software-solution-architect-net-react-huenx-vietnam-1037?lab_feature=preview_jd_page,,,,,,Login to view,"['91/2 đường Trần Thị Cờ, Khu phố 14, Phường Thới An, TP Hồ Chí Minh, Việt Nam, District 11, Ho Chi Minh']","91/2 đường Trần Thị Cờ, Khu phố 14, Phường Thới An, TP Hồ Chí Minh, Việt Nam, District 11, Ho Chi Minh",,,,"91/2 đường Trần Thị Cờ, Khu phố 14, Phường Thới An, TP Hồ Chí Minh, Việt Nam, District 11, Ho Chi Minh",,,,,"Software Architecture, AI, PostgreSql, ReactJS, Azure, .NET",,,,,,ITViec,,,,,,,,,,,,,,,,,,,,,,,,,,,
[Da Nang & Ho Chi Minh] Technical Architect,[Da Nang & Ho Chi Minh] Technical Architect,https://itviec.com/it-jobs/da-nang-ho-chi-minh-technical-architect-one-tech-stop-vietnam-company-ltd-0714?lab_feature=preview_jd_page,,,,,,Login to view,"['Tòa nhà ETOWN 6 - 364 Cộng Hòa, Phường 13, Tan Binh, Ho Chi Minh']","Tòa nhà ETOWN 6 - 364 Cộng Hòa, Phường 13, Tan Binh, Ho Chi Minh",,,,"Tòa nhà ETOWN 6 - 364 Cộng Hòa, Phường 13, Tan Binh, Ho Chi Minh",,,,,"Software Architecture, ReactJS, NestJS, Cloud, DevOps, NodeJS",,,,,,ITViec,,,,,,,,,,,,,,,,,,,,,,,,,,,
"Technical Lead / System Architect (Flutter, Rust/Go)","Technical Lead / System Architect (Flutter, Rust/Go)",https://itviec.com/it-jobs/technical-lead-system-architect-flutter-rust-go-smartoshi-technology-4318?lab_feature=preview_jd_page,,,,,,Login to view,"['WiYO Complex, 46 N3C Street – The Global City, An Phu Ward, Thu Duc City, Ho Chi Minh']","WiYO Complex, 46 N3C Street – The Global City, An Phu Ward, Thu Duc City, Ho Chi Minh",,,,"WiYO Complex, 46 N3C Street – The Global City, An Phu Ward, Thu Duc City, Ho Chi Minh",,,,,"System Architecture, Golang, Encryption Key Management, Networking, Rust, Flutter",,,,,,ITViec,,,,,,,,,,,,,,,,,,,,,,,,,,,
Principal .NET Software Engineer (BONUS),Principal .NET Software Engineer (BONUS),https://itviec.com/it-jobs/principal-net-software-engineer-bonus-kms-technology-5538?lab_feature=preview_jd_page,,,,,,Login to view,"['02 Tan Vien, ward 2, Tan Binh, Ho Chi Minh']","02 Tan Vien, ward 2, Tan Binh, Ho Chi Minh",,,,"02 Tan Vien, ward 2, Tan Binh, Ho Chi Minh",,,,,".NET, DevOps, OOP, C#, .Net Core, ASP.NET",,,,,,ITViec,,,,,,,,,,,,,,,,,,,,,,,,,,,
[Remote] Software Architect (NodeJS/NestJS),[Remote] Software Architect (NodeJS/NestJS),https://itviec.com/it-jobs/remote-software-architect-nodejs-nestjs-h3tech-inc-0827?lab_feature=preview_jd_page,,,,,,Login to view,"['152 Vo Van Kiet, District 1, Ho Chi Minh']","152 Vo Van Kiet, District 1, Ho Chi Minh",,,,"152 Vo Van Kiet, District 1, Ho Chi Minh",,,,,"Software Architecture, NextJS, NestJS, NodeJS, Agile, DevOps",,,,,,ITViec,,,,,,,,,,,,,,,,,,,,,,,,,,,
Technical Lead (.NET - Reactjs/Angular),Technical Lead (.NET - Reactjs/Angular),https://itviec.com/it-jobs/technical-lead-net-reactjs-angular-emesoft-5243?lab_feature=preview_jd_page,,,,,,Login to view,"['594 - 596 Cộng Hòa, Tan Binh, Ho Chi Minh']","594 - 596 Cộng Hòa, Tan Binh, Ho Chi Minh",,,,"594 - 596 Cộng Hòa, Tan Binh, Ho Chi Minh",,,,,".Net Core, Microservices, AWS, Angular, ReactJS, Fullstack",,,,,,ITViec,,,,,,,,,,,,,,,,,,,,,,,,,,,
Senior/Lead Quality Engineer (Automation),Senior/Lead Quality Engineer (Automation),https://itviec.com/it-jobs/senior-lead-quality-engineer-automation-dataxight-3850?lab_feature=preview_jd_page,,,,,,Login to view,"['XL Building, 167 Trần Não, Phường An Khánh, Thủ Đức, Thành phố Hồ Chí Minh. (Quận 2 Cũ), Thu Duc City, Ho Chi Minh']","XL Building, 167 Trần Não, Phường An Khánh, Thủ Đức, Thành phố Hồ Chí Minh. (Quận 2 Cũ), Thu Duc City, Ho Chi Minh",,,,"XL Building, 167 Trần Não, Phường An Khánh, Thủ Đức, Thành phố Hồ Chí Minh. (Quận 2 Cũ), Thu Duc City, Ho Chi Minh",,,,,"Automation Test, English, Unit test, Docker, AWS, Python",,,,,,ITViec,,,,,,,,,,,,,,,,,,,,,,,,,,,
"Desktop Engineer-1 Windows & 1 macOS (C language, .Net)","Desktop Engineer-1 Windows & 1 macOS (C language, .Net)",https://itviec.com/it-jobs/desktop-engineer-1-windows-1-macos-smartoshi-technology-4759?lab_feature=preview_jd_page,,,,,,Login to view,"['WiYO Complex, 46 N3C Street – The Global City, An Phu Ward, Thu Duc City, Ho Chi Minh']","WiYO Complex, 46 N3C Street – The Global City, An Phu Ward, Thu Duc City, Ho Chi Minh",,,,"WiYO Complex, 46 N3C Street – The Global City, An Phu Ward, Thu Duc City, Ho Chi Minh",,,,,"Flutter, macOS, C language, Windows, Swift, .NET",,,,,,ITViec,,,,,,,,,,,,,,,,,,,,,,,,,,,
"Software Architect (Cloud, CI/CD, DevOps)","Software Architect (Cloud, CI/CD, DevOps)",https://itviec.com/it-jobs/software-architect-cloud-ci-cd-devops-ol-vietnam-1216?lab_feature=preview_jd_page,,,,,,Login to view,"['Saigon Trade Center Building, 37 Ton Duc Thang, District 1, Ho Chi Minh']","Saigon Trade Center Building, 37 Ton Duc Thang, District 1, Ho Chi Minh",,,,"Saigon Trade Center Building, 37 Ton Duc Thang, District 1, Ho Chi Minh",,,,,"Software Architecture, Design Systems, CI/CD, AI, Cloud, DevOps",,,,,,ITViec,,,,,,,,,,,,,,,,,,,,,,,,,,,
"Odoo Technical Leader (Python, PostgreSQL, JavaScript)","Odoo Technical Leader (Python, PostgreSQL, JavaScript)",https://itviec.com/it-jobs/odoo-technical-leader-python-postgresql-javascript-sgh-asia-ltd-3519?lab_feature=preview_jd_page,,,,,,Login to view,"['SGH Building, 21/4 Nguyen Thi Huynh Street, Ward 8, Phu Nhuan, Ho Chi Minh']","SGH Building, 21/4 Nguyen Thi Huynh Street, Ward 8, Phu Nhuan, Ho Chi Minh",,,,"SGH Building, 21/4 Nguyen Thi Huynh Street, Ward 8, Phu Nhuan, Ho Chi Minh",,,,,"Odoo, Software Architecture, JavaScript, PostgreSql, Python",,,,,,ITViec,,,,,,,,,,,,,,,,,,,,,,,,,,,
Kotlin Developer,Kotlin Developer,https://itviec.com/it-jobs/kotlin-developer-dxd-labs-company-limited-5157?lab_feature=preview_jd_page,,,,,,Login to view,"['Văn phòng 5.09 Cao ốc Văn phòng và Căn hộ CECICO 135 TOWER , Số 1014 Phạm Văn Đồng, Phường Hiệp Bình Chánh, Thu Duc City, Ho Chi Minh']","Văn phòng 5.09 Cao ốc Văn phòng và Căn hộ CECICO 135 TOWER , Số 1014 Phạm Văn Đồng, Phường Hiệp Bình Chánh, Thu Duc City, Ho Chi Minh",,,,"Văn phòng 5.09 Cao ốc Văn phòng và Căn hộ CECICO 135 TOWER , Số 1014 Phạm Văn Đồng, Phường Hiệp Bình Chánh, Thu Duc City, Ho Chi Minh",,,,,"Kotlin, English, Blockchain, OOP",,,,,,ITViec,,,,,,,,,,,,,,,,,,,,,,,,,,,
"Java Developer (Spring Boot, AWS)","Java Developer (Spring Boot, AWS)",https://itviec.com/it-jobs/java-developer-spring-boot-aws-fe-credit-3039?lab_feature=preview_jd_page,,,,,,Login to view,"['REE Tower, 9 Doan Van Bo, Ward 12, District 4, Ho Chi Minh']","REE Tower, 9 Doan Van Bo, Ward 12, District 4, Ho Chi Minh",,,,"REE Tower, 9 Doan Van Bo, Ward 12, District 4, Ho Chi Minh",,,,,"Java, Microservices, OOP, BPMN, Database, AWS",,,,,,ITViec,,,,,,,,,,,,,,,,,,,,,,,,,,,
Embedded Linux & RTOS Developer @ Robotics Startup,Embedded Linux & RTOS Developer @ Robotics Startup,https://itviec.com/it-jobs/embedded-linux-rtos-developer-robotics-startup-onesec-2349?lab_feature=preview_jd_page,,,,,,Login to view,"['Quận 1, Thành phố Hồ Chí Minh 700000, Vietnam, District 1, Ho Chi Minh']","Quận 1, Thành phố Hồ Chí Minh 700000, Vietnam, District 1, Ho Chi Minh",,,,"Quận 1, Thành phố Hồ Chí Minh 700000, Vietnam, District 1, Ho Chi Minh",,,,,"C++, Embedded",,,,,,ITViec,,,,,,,,,,,,,,,,,,,,,,,,,,,
"Python Technical Lead (Cloud, FastAPI, Django)","Python Technical Lead (Cloud, FastAPI, Django)",https://itviec.com/it-jobs/python-technical-lead-cloud-fastapi-django-vsol-5753?lab_feature=preview_jd_page,,,,,,Login to view,"['Glory Home Building, 3rd Floor, 215 B10 Nguyen Van Huong Street, An Khanh Ward, Thu Duc City, Ho Chi Minh']","Glory Home Building, 3rd Floor, 215 B10 Nguyen Van Huong Street, An Khanh Ward, Thu Duc City, Ho Chi Minh",,,,"Glory Home Building, 3rd Floor, 215 B10 Nguyen Van Huong Street, An Khanh Ward, Thu Duc City, Ho Chi Minh",,,,,"Python, FastAPI, PostgreSql, Cloud, DevOps, Django",,,,,,ITViec,,,,,,,,,,,,,,,,,,,,,,,,,,,
.NET Tech Lead,.NET Tech Lead,https://itviec.com/it-jobs/net-tech-lead-ngan-hang-a-chau-acb-2840?lab_feature=preview_jd_page,,,,,,Login to view,"['442  Nguyễn Thị Minh Khai, District 3, Ho Chi Minh']","442  Nguyễn Thị Minh Khai, District 3, Ho Chi Minh",,,,"442  Nguyễn Thị Minh Khai, District 3, Ho Chi Minh",,,,,"Software Architecture, Docker, SQL, Microservices, ReactJS, .NET",,,,,,ITViec,,,,,,,,,,,,,,,,,,,,,,,,,,,
Quality Engineer - AGI,Quality Engineer - AGI,https://itviec.com/it-jobs/quality-engineer-agi-trusting-social-5013?lab_feature=preview_jd_page,,,,,,Login to view,"['Havana Tower - 132 Ham Nghi, District 1, Ho Chi Minh']","Havana Tower - 132 Ham Nghi, District 1, Ho Chi Minh",,,,"Havana Tower - 132 Ham Nghi, District 1, Ho Chi Minh",,,,,"QA QC, Automation Test, JavaScript, Python",,,,,,ITViec,,,,,,,,,,,,,,,,,,,,,,,,,,,
Embedded Software Architect,Embedded Software Architect,https://itviec.com/it-jobs/embedded-software-architect-bosch-global-software-technologies-company-limited-4331?lab_feature=preview_jd_page,,,,,,Login to view,"['364 Cong Hoa street, ward 13, Tan Binh, Ho Chi Minh']","364 Cong Hoa street, ward 13, Tan Binh, Ho Chi Minh",,,,"364 Cong Hoa street, ward 13, Tan Binh, Ho Chi Minh",,,,,"Embedded Android, C language, C++, Android, Embedded C, Embedded",,,,,,ITViec,,,,,,,,,,,,,,,,,,,,,,,,,,,
Middle / Senior Data Analyst (Category Analyst),Middle / Senior Data Analyst (Category Analyst),https://itviec.com/it-jobs/middle-senior-data-analyst-category-analyst-droppii-0422?lab_feature=preview_jd_page,,,,,,Login to view,"['39A Ta Hien street, Quarter 1, Thanh My Loi Ward, District 2, Thu Duc City, Ho Chi Minh']","39A Ta Hien street, Quarter 1, Thanh My Loi Ward, District 2, Thu Duc City, Ho Chi Minh",,,,"39A Ta Hien street, Quarter 1, Thanh My Loi Ward, District 2, Thu Duc City, Ho Chi Minh",,,,,"Data Analysis, Metabase, Power BI, SQL",,,,,,ITViec,,,,,,,,,,,,,,,,,,,,,,,,,,,
"Senior Data Analyst (PowerBI/Python, English)","Senior Data Analyst (PowerBI/Python, English)",https://itviec.com/it-jobs/senior-data-analyst-powerbi-python-english-geocomply-geotech-hub-vietnam-3435?lab_feature=preview_jd_page,,,,,,Login to view,"['Tầng 11, Cao ốc Saigon Trade Center, 37 Tôn Đức Thắng, Phường Sài Gòn, Thành phố Hồ Chí Minh, Việt Nam, District 1, Ho Chi Minh']","Tầng 11, Cao ốc Saigon Trade Center, 37 Tôn Đức Thắng, Phường Sài Gòn, Thành phố Hồ Chí Minh, Việt Nam, District 1, Ho Chi Minh",,,,"Tầng 11, Cao ốc Saigon Trade Center, 37 Tôn Đức Thắng, Phường Sài Gòn, Thành phố Hồ Chí Minh, Việt Nam, District 1, Ho Chi Minh",,,,,"Data Analysis, English, Power BI, SQL, Python",,,,,,ITViec,,,,,,,,,,,,,,,,,,,,,,,,,,,
"Data Analyst (SQL, Google BigQuery, Python, R)","Data Analyst (SQL, Google BigQuery, Python, R)",https://itviec.com/it-jobs/data-analyst-sql-bigquery-python-unity-sport-jsc-3241?lab_feature=preview_jd_page,,,,,,Login to view,"['5th Floor – Lumiere Building, 628A Vo Nguyen Giap street, An Phu Ward , Thu Duc City, Ho Chi Minh']","5th Floor – Lumiere Building, 628A Vo Nguyen Giap street, An Phu Ward , Thu Duc City, Ho Chi Minh",,,,"5th Floor – Lumiere Building, 628A Vo Nguyen Giap street, An Phu Ward , Thu Duc City, Ho Chi Minh",,,,,"Data Analysis, R, Python, Google BigQuery, SQL",,,,,,ITViec,,,,,,,,,,,,,,,,,,,,,,,,,,,
Senior Data Analyst,Senior Data Analyst,https://itviec.com/it-jobs/senior-data-analyst-ssi-securities-corporation-4449?lab_feature=preview_jd_page,,,,,,Login to view,"['1C Ngo Quyen, Hoan Kiem, Ha Noi']","1C Ngo Quyen, Hoan Kiem, Ha Noi",,,,"1C Ngo Quyen, Hoan Kiem, Ha Noi",,,,,"SQL, Tableau, Power BI, Big Data, Hadoop, Spark",,,,,,ITViec,,,,,,,,,,,,,,,,,,,,,,,,,,,
(Intermediate/Senior) Data Analyst- $55K/year,(Intermediate/Senior) Data Analyst- $55K/year,https://itviec.com/it-jobs/intermediate-senior-data-analyst-55k-year-crossian-1851?lab_feature=preview_jd_page,,,,,,Login to view,"['Tầng 1, Tòa nhà Pax Sky, 63-65 phố Ngô Thì Nhậm, Phường Phạm Đình Hổ, Hai Ba Trung, Ha Noi']","Tầng 1, Tòa nhà Pax Sky, 63-65 phố Ngô Thì Nhậm, Phường Phạm Đình Hổ, Hai Ba Trung, Ha Noi",,,,"Tầng 1, Tòa nhà Pax Sky, 63-65 phố Ngô Thì Nhậm, Phường Phạm Đình Hổ, Hai Ba Trung, Ha Noi",,,,,"Data Analysis, Data Science, DevOps, Business Intelligence, Python, SQL",,,,,,ITViec,,,,,,,,,,,,,,,,,,,,,,,,,,,
Associate Risk Manager,Associate Risk Manager,https://itviec.com/it-jobs/associate-risk-manager-trusting-social-0329?lab_feature=preview_jd_page,,,,,,Login to view,"['Havana Tower - 132 Ham Nghi, District 1, Ho Chi Minh']","Havana Tower - 132 Ham Nghi, District 1, Ho Chi Minh",,,,"Havana Tower - 132 Ham Nghi, District 1, Ho Chi Minh",,,,,"Python, Data Analysis, SQL",,,,,,ITViec,,,,,,,,,,,,,,,,,,,,,,,,,,,
Software Licensing Specialist,Software Licensing Specialist,https://itviec.com/it-jobs/software-licensing-specialist-renesas-design-vietnam-0528?lab_feature=preview_jd_page,,,,,,Login to view,"['31 Tan Thuan, District 7, Ho Chi Minh']","31 Tan Thuan, District 7, Ho Chi Minh",,,,"31 Tan Thuan, District 7, Ho Chi Minh",,,,,"Data Analysis, System Admin, Database, IT Support, English",,,,,,ITViec,,,,,,,,,,,,,,,,,,,,,,,,,,,
Risk Analyst,Risk Analyst,https://itviec.com/it-jobs/risk-analyst-trusting-social-0035?lab_feature=preview_jd_page,,,,,,Login to view,"['Havana Tower - 132 Ham Nghi, District 1, Ho Chi Minh']","Havana Tower - 132 Ham Nghi, District 1, Ho Chi Minh",,,,"Havana Tower - 132 Ham Nghi, District 1, Ho Chi Minh",,,,,"Python, Data Analysis, SQL",,,,,,ITViec,,,,,,,,,,,,,,,,,,,,,,,,,,,
Senior Software Asset Management Specialist,Senior Software Asset Management Specialist,https://itviec.com/it-jobs/senior-software-asset-management-specialist-renesas-design-vietnam-5510?lab_feature=preview_jd_page,,,,,,Login to view,"['31 Tan Thuan, District 7, Ho Chi Minh']","31 Tan Thuan, District 7, Ho Chi Minh",,,,"31 Tan Thuan, District 7, Ho Chi Minh",,,,,"Data Analysis, System Admin, Database, IT Support, English",,,,,,ITViec,,,,,,,,,,,,,,,,,,,,,,,,,,,
DataOps,DataOps,https://itviec.com/it-jobs/dataops-deliveree-on-demand-logistics-2006?lab_feature=preview_jd_page,,,,,,Login to view,"['1/12 Hoàng Việt, Phường 4, Tân Bình, Hồ Chí Minh, Vietnam, Tan Binh, Ho Chi Minh']","1/12 Hoàng Việt, Phường 4, Tân Bình, Hồ Chí Minh, Vietnam, Tan Binh, Ho Chi Minh",,,,"1/12 Hoàng Việt, Phường 4, Tân Bình, Hồ Chí Minh, Vietnam, Tan Binh, Ho Chi Minh",,,,,"PostgreSql, Database, English",,,,,,ITViec,,,,,,,,,,,,,,,,,,,,,,,,,,,
Data Analyst,,https://www.linkedin.com/jobs/view/4325171508,FPT Software Career,,https://vn.linkedin.com/company/fptsoftwarecareer,,,,,,,,,,,,,,,,,IT Services and IT Consulting,,,LinkedIn,li-4325171508,linkedin,,,2025-11-29,fulltime,,,,,,False,mid-senior level,Information Technology,,TrangNTT51@fpt.com,"**Company Description** 




 FPT Corporation is Vietnam's leading technology corporation, founded in September 1988 with Information Technology and Telecommunications at its core. With a revenue nearing $2 billion and a workforce of over 83,000 employees, FPT has a global presence spanning 33 countries and serves over 600 customers worldwide, including more than 100 Fortune 500 companies. Known for its innovative and team\-spirited culture, FPT strives to pioneer new technology trends and reinforce Vietnam's position on the global technology map. For more information, please visit www.fpt.com.
 



  





**Position : Data Analyst** 




*Location : Ho Chi Minh City* 




*Work in office (district 9, F\-town HCM)* 




*We have shuttle bus* 




  





**Company Description** 





 FPT Software, a subsidiary of FPT Corporation, is a global technology and IT services provider headquartered in Vietnam, with USD 1\.22 billion in revenue (2024\) and over 33,000 employees in 30 countries. The company addresses complex business opportunities and challenges with world\-class services in Advanced Analytics, AI, Digital Platforms, Cloud, Hyperautomation, IoT, and Low\-code. FPT Software has partnered with over 1,100 clients worldwide, including more than 130 Fortune Global 500 companies in various industries such as Aviation, Automotive, Banking, Financial Services, Healthcare, Logistics, Manufacturing, and Utilities.
 




  





**Key Responsibilities:** 



* Work directly with clients and end users to clarify business requirements
* Analyze and visualize data to support reporting and decision\-making
* Standardize and model data for analytical purposes
* Design and develop dynamic reports and dashboards using Power BI
* Propose improvements to enhance data reliability, performance, and quality



**Qualifications:** 



* Minimum 3 years of experience in Data Analysis
* Strong communication and presentation skills in English
* Analytical mindset with the ability to handle large datasets
* Proficiency in Power BI
* Solid SQL skills for data querying and manipulation



  





**Benefits** 



* “FPT care” health insurance and is exclusive for FPT employees.
* Annual Summer Vacation: follows company’s policy and starts from May every year
* Salary review: 1 time per year
* International, dynamic, friendly working environment
* Annual leave, working conditions follow Vietnam labor laws.
* Other allowances: lunch allowance, working on\-site allowance, etc.



  





**\-\-\-\-\-\-\-\-\-\-\-\-\-\-\-\-\-\-\-\-\-\-\-\-\-\-\-\-\-\-\-\-\-\-\-\-\-\-\-** 



* *Contact for more detail: TrangNTT51@fpt.com*",https://media.licdn.com/dms/image/v2/D560BAQEdgMtE6SX4wA/company-logo_100_100/B56Zh3xZ5yHQAY-/0/1754356097587/fptsoftwarecareer_logo?e=2147483647&v=beta&t=ZAOWsT8s3WcS-jwI3qb5Me7yTOT7kxr0IJr4ahvf6KY,,,,,,,,,
Marketing Data Analyst,,https://www.linkedin.com/jobs/view/4325022411,Palfish VietNam,,https://www.linkedin.com/company/palfishenglish,,,,,,,,,,,,,,,,,E-Learning Providers,,,LinkedIn,li-4325022411,linkedin,,,2025-11-29,fulltime,,,,,,False,entry level,Information Technology,,hr@palfishhcm.com,"**I. MÔ TẢ CÔNG VIỆC** 




**1\. Quản lý dữ liệu \& phân bổ lead:** 



* Thu thập dữ liệu lead từ các kênh Digital/ Performance/ Livestream … và chuẩn hóa thành dữ liệu sạch trước khi phân bổ.
* Quản lý lead: làm sạch, loại bỏ thông tin sai, merge dữ liệu trùng.
* Thiết lập và vận hành quy tắc phân bổ lead theo team Sales.
* Theo dõi lead tồn, lead chưa được phân bổ.
* Xử lý các trường hợp lead trùng giữa các team hoặc giữa các kênh.



**2\.** 

  
 
**Phối hợp Marketing:** 



* Là đầu mối làm việc với team Livestream và Digital để nắm rõ: nội dung livestream, gói sản phẩm/ ưu đãi trong buổi live, target audience, kỳ vọng số lượng lead.
* Sau mỗi buổi livestream/ chiến dịch digital: tổng hợp insight từ sales và đánh giá độ khớp tệp khách hàng.
* Đề xuất tối ưu hóa nội dung, kịch bản livestream hoặc thông điệp marketing dựa trên dữ liệu thực tế.



**3\.** 

  
 
**Điều phối với Sales \& đào tạo sản phẩm** 
 :
 


* Brief Sales trước các chương trình livestream/chiến dịch digital: gói sản phẩm, USP, ưu đãi.
* Hướng dẫn và đào tạo Sales về sản phẩm mới, thay đổi chính sách, combo, giá ưu đãi đặc biệt từ Marketing.
* Đảm bảo Sales nắm rõ loại lead từ mỗi kênh để gắn đúng kịch bản chăm sóc.
* Là cầu nối xử lý các vấn đề vận hành giữa Sales \& Marketing.



  





**II. YÊU CẦU** 



* Từ 2\-3 năm kinh nghiệm Data Operations, Sales Operations, Marketing Operations hoặc CRM Specialist, ưu tiên ngành giáo dục/ Edtech/ B2C.
* Có kinh nghiệm về CRM.
* Có khả năng giao tiếp Tiếng Anh là lợi thế.
* Tư duy hệ thống, kỷ luật dữ liệu, có kinh nghiệm xử lý cơ sở dữ liệu lớn \& trùng lặp.
* Am hiểu vận hành lead từ Marketing.
* Hiểu digital channels \& livestream là một lợi thế.
* Kỹ năng giao tiếp tốt, trung lập, xử lý tranh chấp giữa các team một cách minh bạch và logic.
* Có kinh nghiệm đào tạo nội bộ hoặc xây tài liệu sản phẩm là một điểm cộng.



  





**III. LƯƠNG \& PHÚC LỢI** 



* Mức lương:
 **15\.000\.000 – 25\.000\.000** 
 VND/ tháng tùy theo năng lực và kinh nghiệm.
* Cơ hội phát triển trở thành Lead Operations hoặc Data Operations Manager.
* Trợ cấp ăn trưa, trợ cấp laptop và vé gửi xe tháng.
* Làm việc trong môi trường công ty đa quốc gia.
* 12 ngày nghỉ phép/năm.
* Thưởng các ngày Lễ, Tết theo quy định của công ty .
* Được hưởng các chế độ về BHXH, BHYT, BHTN theo luật Lao động.



  





**IV. ĐỊA ĐIỂM LÀM VIỆC:** 
 Stellar Garden \- Le Van Thiem, Thanh Xuan, Ha Noi
 



  





**V. THỜI GIAN LÀM VIỆC:** 



* Thứ 2 – Thứ 6 \& 2 ngày Thứ 7 cuối tháng
* 8:30 – 18:00 (nghỉ trưa 12:00 – 13:30\)



  





**VI. ỨNG TUYỂN** 



* Email: hr@palfishhcm.com
* Hotline: 0779731677 (HR Department) or 0944 822 468 (Ms. Nhu)",https://media.licdn.com/dms/image/v2/D560BAQGdT8yI9k4VrA/company-logo_100_100/B56ZkYE3IyHQAU-/0/1757045553653/palfishenglish_logo?e=2147483647&v=beta&t=aCCwI9YnYZjJyWrozM9wQVff23vfSOmtuy5ygcigL-0,,,,,,,,,
Data Analytics Specialist - Top Global Manufacturer,,https://www.linkedin.com/jobs/view/4325021917,Michael Page,,https://uk.linkedin.com/company/michael-page,,,,,,,,,,,,,,,,,"IT Services and IT Consulting, Computer and Network Security, and Software Development",,,LinkedIn,li-4325021917,linkedin,,"Ho Chi Minh City, Ho Chi Minh City, Vietnam",2025-11-29,fulltime,,,,,,False,entry level,Information Technology,,,"* Build impactful dashboards that drive business decisions
* Work with modern BI tools in a global\-scale environment


**About Our Client**
 Our client is a
 **global leader in manufacturing** 
 , operating at scale and investing heavily in advanced analytics and BI technologies. They are committed to leveraging data to improve operational efficiency and customer experience. If you enjoy solving complex problems with data visualization and analytics, this is the perfect opportunity.
   

  

**Job Description**
* Develop and maintain Power BI dashboards with best practices
* Translate business requirements into clear visuals and reports
* Implement data validation and governance for trusted insights
* Optimize dashboard performance and refresh strategies
* Collaborate with stakeholders to improve usability and adoption
* Continuously enhance BI solutions using new features and tools


**The Successful Applicant**
* 1\-3 years of experience in BI or reporting
* Strong skills in Power BI, DAX, and Power Query
* Understanding of data models and visualization principles
* Ability to communicate insights clearly to business users
* Collaborative mindset and problem\-solving skills


**What's on Offer**
* Opportunity to work on enterprise\-level BI projects
* Exposure to global operations and modern analytics tools
* Supportive environment with career growth potential


**Contact: Ngoc Le**
**Quote job ref: JN\-112025\-6892761**",https://media.licdn.com/dms/image/v2/D4D0BAQEYolBS9Ur7xg/company-logo_100_100/B4DZfE8Di8GUAQ-/0/1751355767316/michael_page_logo?e=2147483647&v=beta&t=oN5spxi0cnUj1YEQkYKwWSQ5Z4PTGgEt_4DziqASyYk,,,,,,,,,
Seller Performance - Seller Pricing Project Associate - Shopee,,https://www.linkedin.com/jobs/view/4321167869,Shopee,,https://sg.linkedin.com/company/shopee,,,,,,,,,,,,,,,,,"Internet Marketplace Platforms and Technology, Information and Internet",,,LinkedIn,li-4321167869,linkedin,,"Ho Chi Minh City, Ho Chi Minh City, Vietnam",2025-11-29,fulltime,,,,,,False,entry level,"Sales, Business Development, and Strategy/Planning",,,"**Job Description**
* Monitor price competitiveness: maintain tracker and monitor price competitiveness closely; work closely with Business Intelligence (BI) to make necessary data \& tracker adjustments;
* Collaborate cross\-functionally: work with business development (BD), BI, and Product teams to execute pricing actions;
* Assist in driving seller adoption and engagement for pricing\-related tools \& features via data analysis and solution development \& execution;
* Analyze \& improve performance via data\-driven analysis to refine pricing strategies and enhance seller engagement;
* Manage E2E workflow with 3rd party vendors, including contract management, paperwork handling, and resolution of ad\-hoc operational issues, while managing workload distribution and daily operations for a large team of third\-party staff performing business development administrative tasks related to pricing;
* Work closely with Local and Regional Product to roll out new features in Vietnam and provide feedback loops to Regional teams for seamless seller/user experience;
* Identify seller needs \& feature enhancement opportunity and discuss with Product regarding feature development/improvement;
* Other tasks as assigned.


**Requirements**
* Fresh graduates or candidates with less than one year of relevant experience;
* Analytical and data\-driven approach to problem solving; comfortable with numbers and conducting analyses;
* Passion for creating highly usable and thorough dashboards/visualizations;
* Strong analytical thinking and ability to learn quickly with can do attitude;
* Advanced Excel skills with knowledge in Power Query, Power Pivots;
* Critical thinking, multitasking \& creative thinking;
* Strong verbal and written communication skills in both English and Vietnamese to coordinate with stakeholders;
* Good team player, positive attitude, and eager to learn.


**Please note that only shortlisted candidates will be contacted for the next steps within three weeks.**",https://media.licdn.com/dms/image/v2/C560BAQE0iX_dgdH7nA/company-logo_100_100/company-logo_100_100/0/1672279162763/shopee_logo?e=2147483647&v=beta&t=SWHj8amyrLFDHnAHrTUM5qgh2VVhjOcjV2XdwgfwoFg,,,,,,,,,
Senior Data Scientist (40000030),,https://www.linkedin.com/jobs/view/4321088088,Techcombank (TCB),,https://vn.linkedin.com/company/techcombank,,,,,,,,,,,,,,,,,Banking,,,LinkedIn,li-4321088088,linkedin,,"Hanoi, Hanoi, Vietnam",2025-11-29,fulltime,,,,,,False,mid-senior level,Engineering and Information Technology,,,"**Job Purpose**
* The job holder proposes, initiates and manages mutliple ML projects together with business in order to address problems raised before linked to company OKRs and product enhancements using DS methods, processes and systems on unstructured, diverse Big Data sources.
* The job holder also participates in strategic deicion circles and contributes to guiding business high level and providing strategic data guidance
* The job holder is required to allocate resources, decide strategically on projects and then cascade down to leads


**Key Accountabilities (1\)**
 Data Solutioning
   

  

* Evaluate effectiveness of proposed models and track business performance KPIs against data model.
* Build cutting\-edge algorithms and work with machine learning and deep learning tools to deliver advance analytics solutions across the firm including recommendation engines, customized data models, etc.
* Drive application of machine learning and big data techniques across different journeys and squads.
* Manage, execute, and review complex data science projects in an agile manner and in compliance with internal regulatory requirements.


**Key Accountabilities (2\)**
 Data Insighting
   

  

* Lead the identification and interpretation of meaningful and actionable insights from large data and metadata sources together with business partners.
* Review processes and tools designed to monitor and analyze model performance and prediction accuracy.
* Proactively lead discussions in 3\+ squads to identify questions and issues for data science
* Collaborate with Data Engineers to build complex, technical algorithms in data analytics software applications to improve work efficiency.
* Know at all times your data (size, average, distributions, outliers, CR, etc) and be able to estimate model output, impact and come up with sanity checks to detect bugs (discrepancies between expectations and results)


**Key Accountabilities (3\)**
 Project Management
   

  

* Own the project, manage POs, keep everyone on track from distractions, aligned towards lowest hanging fruit and KPI
* Manage project conflicts, challenges and dynamic business requirements to keep operations running at high performance.
* Work with team leads to resolve people problems and project roadblocks, conduct post mortem and root cause analysis to help squads continuously improve their practices to ensure maximum productivity.


 Talent Development
   

  

* Manage allocated team, focus on retention and growth of the scientists, personal development and KPI
* Mentor and coach junior fellows into fully competent Data Scientists.
* Identify and encourage areas for growth and improvement within the team.


**Key Relationships \- Direct Manager**
 Director, Data Science
   

  

**Key Relationships \- Direct Reports**
 NA
   

  

**Key Relationships \- Internal Stakeholders**
 Teams within the Data Office and relevant departments in the Bank
   

  

**Key Relationships \- External Stakeholders**
 Partners and vendors providing professional services
   

  

**Success Profile \- Qualification and Experiences**
**Qualifications**
* Master’s degree (or higher) in Statistics, Mathematics, Quantitative Analysis, Computer Science, Software Engineering, Information Technology or other Numerical Disciplines


 Work Experience
   

  

* 10\+ years of relevant experience in areas of data analysis, machine learning, deep learning model development on large amount of data, implementing and deploying various statistical models
* English proficiency requirements are pursuant to Techcombank's policy
* Deep experience in querying databases and coding (e.g. Python, R, Spark, Scala, SQL, Java, C, C\+\+)
* Extensive experience in building data and analytics solutions and products, data mining and statistical analysis
* Experience in application of machine learning and AI to questions related to the financial markets
* Strategic decision taking and thinking, able to deal with very senior management, translate tech to business and vice versa
* Deep experience in Agile Software Development and has mastery of Agile principles, practices and Scrum methodologies
* Management experience, leading projects in the past, building and mentoring scientists, leading them towards success",https://media.licdn.com/dms/image/v2/C560BAQGxZkC9HU-9EQ/company-logo_100_100/company-logo_100_100/0/1630641591686/techcombank_logo?e=2147483647&v=beta&t=simZ-DCx-jLPmitLY1R9sdUyvvKHa9vWI_9RdB2pcoI,,,,,,,,,
Backend Developer,,https://www.linkedin.com/jobs/view/4336280647,Lovepop,,https://www.linkedin.com/company/lovepop-cards,,,,,,,,,,,,,,,,,Retail,,,LinkedIn,li-4336280647,linkedin,,"Ho Chi Minh City, Ho Chi Minh City, Vietnam",2025-11-29,fulltime,,,,,,False,not applicable,Engineering and Information Technology,,,"**About Lovepop**




  






 Lovepop is on a mission to create one billion magical moments.  We combine art x engineering to create the most magical paper art cards \& gifts.  Featured on Shark Tank in 2015, Lovepop has become one of the top 10 Shark Tank investments in lifetime revenue.  Lovepop consistently ranks in the top Google results for cards online, enjoys 18% national brand awareness, and has helped its customers create over 50 million magical moments.  Our vision is to be the \#1 online card destination for cards and we are building the team of A\+ talent that will take us there.
 




  





**About the role
 
  






 We are seeking a Backend Developer to build and maintain scalable microservices and modern APIs using .NET Core. In this role, you will develop clean, high\-quality backend services, optimize system performance, and contribute to technical improvements across our platform. You will collaborate closely with the engineering team in an Agile environment to deliver reliable, well\-structured solutions that support our product growth.
 





  




**Accountabilities** 
* Develop and maintain microservices using .NET Core and C\#
* Build RESTful APIs, GraphQL APIs, and web applications with Razor Pages/MVC
* Write clean, testable code following SOLID principles and conduct code reviews
* Troubleshoot issues and implement new features with performance optimization in mind
* Deploy and monitor services using Docker
* Write unit tests and maintain technical documentation
* Collaborate with team using Git and Agile methodologies



  




**Qualifications** 
* Bachelor's Degree in Computer Science or related field
* 4\+ year experience with .NET Core in production environments
* Strong skills in C\#, ASP.NET Core Web API, RESTful API, and GraphQL
* In\-depth understanding and hands\-on experience with microservices architecture
* Proficient in Entity Framework Core and PostgreSQL
* Experience with AWS cloud platforms
* Performance\-oriented mindset with focus on optimization
* Good English communication skills (written and verbal)






  




  


**Lovepop Values** 




**Engineering** 
 : Curiosity to discover how the world works
 



**Hunger** 
 : Desire to take on more than is expected
 



**Magic** 
 : Delivering unexpected experiences
 



**Connection** 
 : Building relationships with each other
 


  


 We may use artificial intelligence (AI) tools to support parts of the hiring process, such as reviewing applications, analyzing resumes, or assessing responses. These tools assist our recruitment team but do not replace human judgment. Final hiring decisions are ultimately made by humans. If you would like more information about how your data is processed, please contact us.**",https://media.licdn.com/dms/image/v2/C4D0BAQEcJErP0ob8Nw/company-logo_100_100/company-logo_100_100/0/1630551098939/lovepop_cards_logo?e=2147483647&v=beta&t=J8qwU2OszYJ3dkLbcTIMvpgodx30gKSGrAHBcIa3Jog,,,,,,,,,
"Business Analyst/ Phân tích Nghiệp vụ - Level Middle, Senior - Mảng Core/Card/Payment",,https://www.linkedin.com/jobs/view/4324952992,GPBANK,,https://vn.linkedin.com/company/gpbankcareers,,,,,,,,,,,,,,,,,Banking,,,LinkedIn,li-4324952992,linkedin,,"Hanoi, Hanoi, Vietnam",2025-11-29,fulltime,,,,,,False,mid-senior level,"Research, Analyst, and Information Technology",,anhnp2@gpbank.com.vn,"**⭐ OVERVIEW OF GPBANK** 



* On January 17, 2025, GPBank was converted into a single\-member limited liability Commercial Bank with 100% capital owned by VPBank. From October 8, 2025, GPBank officially launches a new brand identity, marking a comprehensive transformation with the new name Generation of Prosperity Bank \- symbolizing the journey towards an era of prosperity and sustainable development.
* At the same time, GPBank is the pioneer bank in Vietnam to implement a completely new Core Banking system, built on China’s modern OneConnect Core platform. This strategic move reflects the bank’s ambition to become a technology\-driven digital banking leader, not only rebuilding its entire system from scratch but also laying the foundation to replicate and transfer this model to other member units within the VPBank ecosystem.



**Department / Division:** 
  IT Core Banking Solution \- Information Technology Division
 



**Reports To:** 
 Department Manager
 



**🌱 JOB RESPONSIBILITIES** 



* Define and manage product backlog for core banking modules.
* Prioritize backlog based on business value, risk, and system dependencies.
* Work closely with Developers, QA, and DevOps to ensure timely delivery and quality.
* Participate in Agile events (Sprint Planning, Review, Retrospective, etc.).
* Support development team in clarifying business logic and addressing issues.
* Communicate effectively with business units, testing teams, operations, and implementation partners.
* Monitor implementation process and evaluate post\-release effectiveness.



**🌱JOB REQUIREMENTS** 




**I. Educational Qualifications** 



* **Bachelor’s degree** 
 in Computer Science, Engineering, Mathematics, or related field of study: or equivalent education, training \& experience



  





**II. Relevant Knowledge / Expertise** 



* At
 **least 2 years** 
  of experience in 
 **core banking/card systems/lending systems or credit** 
 \-related product management.
* Hands\-on experience in at least one of the three domains: Core Banking, Cards, Lending



 \- Core Banking: Expertise in modules such as CIF, accounts, deposits, GL, and financial transaction processing. Familiarity with core systems like T24, Finacle, or Flexcube is a plus.
 



 \- Card Management: Deep understanding of card lifecycle, EMV, ISO 8583 messaging, switch systems (e.g., SmartVista, Way4\), and scheme rules (Visa, Mastercard).
 



 \- Lending Platform: Deep understanding of loan lifecycle, disbursement, repayment, delinquency, restructuring processes, and collaboration with Product Owners.
 


* Experience working in 
 **Agile/Scrum** 
  delivery models, including sprint planning, backlog grooming, and daily stand\-ups.
* Capable of translating business requirements into clear, structured user stories, acceptance criteria, and supporting documents.
* Strong coordination and communication skills across cross\-functional teams (business, technology, QA, DevOps).
* Proficient in using tools such as Jira, Confluence, Figma, Visio, or equivalent for documentation and collaboration.
* Certifications such as PSPO I/II, CBAP, SAFe POPM, or PMI\-ACP are advantageous.
* Familiarity with systems like T24, Finacle, Mambu, or other lending platforms.



**III. Skill** 



* Ability in 
 **English** 
  
 **reading and writing (mandatory)** 
 , and speaking, listening (preferable).
* Teamwork, careful, attention to detail, logical thinking
* Effective communication with technical and business teams.
* Communication, negotiation, and problem solving



**III. Relevant Experience** 



* Agile/Scrum experiences
* Banking domain experiences



**🌱 ATTACTIVE BENEFITS \& COMPENSATION PACKAGE** 




**I. Career Opportunities \& Projects** 




 \- Join one of Vietnam’s largest 
 **Core Banking Transformation Projects** 
 , handling up to 
 **1 billion transactions per day** 
 .
 



 \- Work in a 
 **modern, technology\-driven environment** 
  leveraging 
 **Cloud\-native, DevOps, Microservices, and CI/CD** 
  practices.
 



 \- Learn directly from 
 **international technology experts** 
  and participate in 
 **strategic digital banking initiatives** 
 .
 



 \- Enjoy a 
 **clear career development roadmap** 
  with opportunities to advance to 
 **Leader** 
  or 
 **Expert** 
  roles in the
 **Banking domain** 
 .
 



**II. Compensation \& Benefits** 




**\- Competitive salary package** 
 : 
 **35\-40M (Senior) / 20\-28M (Middle)** 
 x 
 **14–15 months/year** 
 .
 



**\- Performance\-based bonuses** 
 : business results, individual performance, innovation, responsibility, etc.
 



**\- ESOP program** 
 : opportunity to own 
 **bank shares** 
 .
 



**\- Health insurance \& wellness** 
 : 
 **GPBankCare** 
  package (provided by 
 **Bao Viet Insurance** 
 ) extended to employees and family members.
 



**\- Learning \& Development** 
 : support for professional training courses and 
 **international certification exams** 
 .
 



**\- Annual company trip** 
  and 
 **vacation allowance** 
 : 
 **Up to** 
  
 **6M/year** 
 .
 



**\- Holiday \& special occasion bonuses** 
  (National holidays: Sept 2nd, Apr 30th, Hung Kings’ Festival, birthdays, weddings, etc.): 
 **Up to 3M/times.** 




  
 



**🌱 WORKING HOURS AND LOCATION** 




**I. Working Hours** 




**Standard working hours** 
 : Monday – Friday (flexible start time: 
 **8:00 / 8:30 / 9:00** 
 ) and 
 **2 Saturday mornings per month** 
  (8:00–12:00\).
 



**II. Work Locations** 




 \- Location 01: 89 Lang Ha, 
 **Dong Da** 
 , Hanoi (VPBank Headquarters).
 



 \- Location 02: 19 Ba Trieu, 
 **Hoan Kiem** 
 , Hanoi (GPBank Headquarters).
 



 \- Location 03: 45 Nguyen Van Huyen, 
 **Cau Giay** 
 , Ha Noi (New GPBank Technology Headquarters).
 



**🌱 Receive additional advice on the job opportunity** 




 📞 Phone/Zalo: 
 **0376 060 513** 




 📧 Email: 
 **anhnp2@gpbank.com.vn (Ms Phuong Anh)**",https://media.licdn.com/dms/image/v2/D4D0BAQH-a4zQi3PkSA/company-logo_100_100/B4DZnB6L4LIgAQ-/0/1759894880786/gpbankcareers_logo?e=2147483647&v=beta&t=luGp3fKyjUWrHuaNVWmB15Wfhx5QRS0rZWS3NKEOOQo,,,,,,,,,
"Business Intelligence & Planning, ShopeeFood",,https://www.linkedin.com/jobs/view/4324828722,Shopee,,https://sg.linkedin.com/company/shopee,,,,,,,,,,,,,,,,,Software Development,,,LinkedIn,li-4324828722,linkedin,,,2025-11-28,fulltime,,,,,,False,associate,Analyst,,,"**Mô tả công việc:** 



* Manage KPIs and incentive frameworks / tracking to monitor BD performance.
* Collaborate with PMO, BD, CP, and Fin teams to standardize SOPs for tracking out\-of\-system data (Ads, non\-system investment, welcome package payment...)
* Develop and manage reporting dashboards to support BD teams in performance tracking
* Conduct BD team productivity and performance reviews; provide actionable insights to BD leadership.
* Deliver data analysis and support for decision\-making.







**Yêu cầu công việc:** 



* 1–2 years of experience in Data Analysis, Business Analysis, or Business Intelligence.
* Hands\-on experience with SQL and data crawling tools.
* Proficiency in Microsoft Office and Google Sheets.
* Experience in food delivery or e\-commerce industries preferred.
* Strong project management and communication skills.
* Data\-driven mindset with the ability to translate insights into actions.
* Ability to perform well under pressure in a fast\-paced environment.
* Responsible, collaborative team player with a growth mindset.",https://media.licdn.com/dms/image/v2/C560BAQE0iX_dgdH7nA/company-logo_100_100/company-logo_100_100/0/1672279162763/shopee_logo?e=2147483647&v=beta&t=SWHj8amyrLFDHnAHrTUM5qgh2VVhjOcjV2XdwgfwoFg,,,,,,,,,
(Intermediate/Senior) Data Analyst- $55K/year,,https://www.linkedin.com/jobs/view/4347941798,Crossian,,https://vn.linkedin.com/company/crossian,,,,,,,,,,,,,,,,,"Technology, Information and Media, Banking, and Food and Beverage Services",,,LinkedIn,li-4347941798,linkedin,,,2025-11-28,fulltime,,,,,,False,mid-senior level,Marketing and Product Management,,,"Join our
 **Technology Innovations Center of Excellence (CoE)** 
 at
 **Crossian** 
 , a
 **fast\-growing startup that achieved a milestone of $100M in 2024** 
 . In this dynamic role, you'll check in daily with your team to stay aligned on project goals and collaborate across our ecosystem with an
 **Agile mindset** 
 infused with a
 **unicorn\-worthy startup culture** 
 .
 



 We are building a cutting\-edge
 **Global eCommerce Platform** 
 , offering end\-to\-end solutions for:
 


* **Storefront** 
 : Designing customizable and scalable online store systems that provide seamless shopping experiences and support dynamic business growth.
* **Ads Manager** 
 : Integrating and optimizing advertising tools across platforms like
 **Facebook, Google** 
 and more, enabling businesses to launch, track, and analyze marketing campaigns efficiently.
* **Marketing Insights \& CRM** 
 : Turning raw data from marketing campaigns, transactions, and user behavior into actionable insights to enhance customer engagement and drive smarter decision\-making.



  









**Responsibilities** 




 As a Data Analyst, you will be responsible for the following tasks and duties:
 



**Strategic Analysis \& Insight Generation** 
 :
 


* *Collect, clean, and analyze* 
 data from diverse sources, including user behavior metrics, campaign performance metrics, and customer engagement metrics.
* Manage data from A/B testing, including user tracking event data, aggregating and splitting it into multiple versions for analysis.
* Develop hypotheses and provide actionable insights to improve storefront experiences, optimize ad campaigns, enhance customer retention strategies, and evaluate the effectiveness of new features or content through AB testing.
* When comparing versions in AB testing, provide the confidence level of the results, determine the required number of views (users) and duration for the test to achieve statistically significant outcomes.
 **Define the Definition of Done (DoD)** 
 for the two versions A and B in the experiments.
* Utilize data visualization techniques to create charts and dashboards that communicate key trends and support decision\-making for cross\-functional teams.



**Dashboard \& BI Development** 
 :
 


* Build and maintain real\-time BI dashboards to track critical metrics such as conversion rates, customer lifetime value, and results from A/B tests.
* Assist in the creation of a self\-service BI system, enabling teams to explore data and generate reports tailored to their needs, including monitoring and analyzing A/B tests.



**Data Management \& Integration** 
 :
 


* Define and manage data schemas for eCommerce\-specific objects (e.g., product catalogs, tracking user events) and data from A/B tests to optimize data accessibility for analysis.
* Ensure the data warehouse maintains high data quality standards, is optimized for performance, and meets the needs of our global platform, including supporting analyses from A/B testing



**Team Collaboration:** 



* *Collaboration with Team Members:* 
 Work closely with team members to comprehend data requirements and deliver appropriate data solutions to meet business needs.
* *Cross\-functional Collaboration:* 
 Engage with cross\-functional teams to support and facilitate data\-driven decision\-making throughout the organization.
* By undertaking these responsibilities, you will play a crucial role in driving data\-informed decisions and strategies, ultimately contributing to the success and growth of our organization.



  





**Qualifications** 




  




* **Educational Background** 
 : Bachelor's degree preferred in Data Science, Computer Science, Mathematics, Statistics, or a related field.
* **Professional Experience** 
 : At least 3 years working in a DA role
* **Technical Proficiency** 
 : Expertise in SQL, Python and BI tools, along with a strong understanding of data modeling, data warehousing, and real\-time data monitoring. Familiarity with cloud technologies and DevOps practices is essential.
* **Database Management** 
 : Understanding the principles of database management and being able to perform exploratory data analysis is essential.
* **Analytical Skills** 
 : Strong ability to analyze datasets and utilize data visualization techniques to derive meaningful insights.
* **Communication Skills** 
 : Strong verbal and written communication skills, capable of presenting data insights clearly and contributing to decision\-making processes.
* **Innovative Thinking** 
 : Ability to keep pace with industry trends in data analytics methodologies and tools, applying this knowledge to drive the business forward.
* **English proficiency**",https://media.licdn.com/dms/image/v2/D560BAQEZitkciXo7RQ/company-logo_100_100/company-logo_100_100/0/1700105744046/crossian_logo?e=2147483647&v=beta&t=oZsyfd1E_6VPz3bJniGaCzPqC-BPYlbd1vtoYWxtP74,,,,,,,,,
Data Engineer Executive,,https://www.linkedin.com/jobs/view/4347962283,TH Food Chain,,https://vn.linkedin.com/company/thfoodchain,,,,,,,,,,,,,,,,,Food and Beverage Manufacturing,,,LinkedIn,li-4347962283,linkedin,,"Hanoi, Hanoi, Vietnam",2025-11-28,fulltime,,,,,,False,entry level,Information Technology,,,"Tìm việc làm tương tự:
   

  

 Xem tất cả việc làm, THFC\_Tất Cả Việc Làm, THFC\_Công Nghệ Thông Tin, Công nghệ thông tin",https://media.licdn.com/dms/image/v2/D560BAQH_FC_742mCPg/company-logo_100_100/company-logo_100_100/0/1708510951831/thfoodchaincareers_logo?e=2147483647&v=beta&t=IqO7Do5t9xvYZRpnBGL5_gh78OVBhSzu2i3ux79tomk,,,,,,,,,
Tester mảng Data,,https://www.linkedin.com/jobs/view/4339470546,The Value Maximizer,,https://vn.linkedin.com/company/the-value-maximizer,,,,,,,,,,,,,,,,,IT Services and IT Consulting,,,LinkedIn,li-4339470546,linkedin,,"Hanoi, Hanoi, Vietnam",2025-11-28,fulltime,,,,,,False,entry level,Other,,,"**Mô tả công việc** 
 \- Thiết kế, coding và kiểm thử hệ thống hoặc chức năng sau khi hoàn thành.\- Xây dựng kế hoạch và quản lý tiến độ lập trình theo kế hoạch. \- Nghiên cứu nắm bắt công nghệ mới.\- Tham gia các khóa đào tạo liên quan tới công việc do Công ty tổ chức.
   

  

**Yêu cầu tuyển dụng** 
 \- Trình độ học vấn: Tốt nghiệp đại học trở lên chuyên ngành Khoa học Máy tính, Khoa học Dữ liệu, Công nghệ Thông tin hoặc các ngành liên quan đến dữ liệu.\-
 **2 năm kinh nghiệm ở vị trí Tester** 
 \- Kiến thức nền tảng về dữ liệu: Nắm vững các khái niệm về dữ liệu, cơ sở dữ liệu và quy trình xử lý dữ liệu.\- Kinh nghiệm dự án: Đã tham gia các dự án liên quan đến Data Warehouse hoặc Data Lake, có khả năng xây dựng chiến lược kiểm thử, lập kế hoạch kiểm thử và thiết kế test case cho kiểm tra dữ liệu.\- Kỹ năng SQL: Thành thạo SQL, có khả năng viết và tối ưu hóa các test script phức tạp để kiểm tra dữ liệu.\- Hiểu biết về chất lượng dữ liệu và quản trị dữ liệu: Có kiến thức về Data Quality và ETL testing.\- Phân tích dữ liệu: Có khả năng phân tích dữ liệu để phát hiện lỗi, sai lệch hoặc các vấn đề tiềm ẩn.\- Kiểm thử tự động: Có kinh nghiệm xây dựng và triển khai các quy trình kiểm thử dữ liệu tự động.\- Kiểm thử API và hiệu năng: Có kinh nghiệm kiểm thử API, kiểm thử performance và thực hiện automation cho API testing. \- Thành thạo các công cụ như Postman, Jmeter hoặc tương đương...
 ***Nice to Have***
 \- Hiểu biết về lĩnh vực ngân hàng: Ưu tiên ứng viên có kinh nghiệm kiểm thử dữ liệu trong các hệ thống tài chính hoặc ngân hàng.\- Ưu tiên ứng viên đã làm việc với AWS Cloud\- Chứng chỉ chuyên môn: Có các chứng chỉ liên quan đến dữ liệu hoặc kiểm thử như ISTQB, Data Analyst, v.v.\- Kỹ năng lập trình: Biết sử dụng một hoặc nhiều ngôn ngữ như Python, R,... để hỗ trợ kiểm thử và xử lý dữ liệu.
   

  

**Chế độ đãi ngộ chung** 
 \- Mức Lương: Up to 24M NET\- Lương tháng 13, thưởng dự án, thưởng thâm niên,\- Ứng viên Onboard trong vòng 15 ngày kể từ ngày ký sẽ được bonus 2\.000\.000 VND\- Bảo hiểm đóng sau 02 tháng thử việc. Đầy đủ chế độ BHXH, BHYT theo quy định của Nhà nước. \- Review năng lực, xem xét lại đãi ngộ 2 lần/ năm \- Tham gia các buổi đào tạo nâng cao chuyên môn, nghiệp vụ, giới thiệu xu hướng công nghệ mới do Công ty tổ chức\- Chế độ sinh nhật, sinh con, hiếu hỷ, ngày lễ,...\- 12 phép/ năm, cứ thâm niên 1 năm được thêm 1 ngày.\- Hỗ trợ 100% vé tháng gửi xe \- Teambuilding, du lịch nghỉ mát 1 lần/ năm\- Cơ hội làm việc với khách hàng lớn Viettel, Vp bank, MSB...",https://media.licdn.com/dms/image/v2/C560BAQFQlS1u4mikHQ/company-logo_100_100/company-logo_100_100/0/1679561982486/the_value_maximizer_logo?e=2147483647&v=beta&t=WFle2B8eNGE3ce1__YExhJZmD-S_bp3Yw6zqROG0V0Y,,,,,,,,,
Junior Data Engineer,,https://www.linkedin.com/jobs/view/4324639150,"QH Distribution, Inc.",,https://www.linkedin.com/company/qhdistribution,,,,,,,,,,,,,,,,,Wholesale,,,LinkedIn,li-4324639150,linkedin,,"Ho Chi Minh City, Vietnam",2025-11-28,fulltime,,,,,,False,internship,Information Technology,,_vn@qhdistribution.com,"**QH Distribution Vietnam is a member of QH Distribution Inc., established in San Diego, CA, with over 36 years of expertise in distribution, import, wholesale and logistics. Serving more than 40 countries, we connect suppliers with customers worldwide, offering tailored solutions and support through offices in California, Mexico, Vietnam and Malaysia.** 




  





**What You’ll Be Doing:** 






**Role Objective:** 





 \-     Support the development and operation of data infrastructure.
 





 \-     Build Dashboards and reports to support business operations.
 




**Key Responsibilities:** 





 \-     Perform basic ETL/ELT processes: collect, clean, transform, and standardize data from multiple sources (ERP, Microsoft Excel, Google Sheets, APIs, ...).
 





 \-     Write and optimize SQL for building tables, views, data validation, and data standardization.
 





 \-     Conduct data quality checks (data validation, anomaly detection ...).
 





 \-     Build data pipelines and participate in designing data models (staging, dimension, fact...).
 





 \-     Develop and maintain business dashboards/reports (Looker Studio).
 





 \-     Collaborate with other teams to clarify data requirements and improve data processes
 





                                                                                                                                                
 




**Who We’re Looking For:** 





 \-     College/University degree in Information Technology, Information Systems, or related fields.
 





 \-     Proficiency in SQL.
 





 \-     Knowledge or experience with Microsoft SQL Server, Google BigQuery, and Looker Studio.
 





 \-     Understanding of ETL/ELT, Data warehouse concepts, Data modeling (star/snowflake schema), API fundamentals.
 





 \-     Knowledge of one or more programming languages: Python, Google Apps Script, VBA.
 





 \-     Strong soft skills.
 





 \-     High attention to detail and discipline in data quality management.
 





 \-     Ability to work under pressure: acceptable error tolerance is limited to 1\-2 mistakes per month for assigned tasks.
 









**Why You’ll Love Working Here:** 





 \-     Salary: 8\.000\.000 – 10\.000\.000 VND
 





 \-     Hybrid working
 





 \-     Laptop to be provided
 





 \-     Performance Review (2 times per year)
 





 \-     Annual health check, annual travel
 





 \-     Year\-end bonus
 





 \-     Work in an international, collaborative, fair, and dynamic environment
 





 \-     Working time: Monday to Friday, 8:00 AM – 12:00 PM and 1:30 PM – 5:30 PM.
 





 \-     Office location: Thu Duc
 




  





**How to Apply:** 





 Send your CV to:
 
 hr\_vn@qhdistribution.com
 
 with the subject “Application – \[Position Title]”.",https://media.licdn.com/dms/image/v2/D560BAQGzz3ll9xZJ7g/company-logo_100_100/company-logo_100_100/0/1736147748763/qhdistribution_logo?e=2147483647&v=beta&t=s1nERbzoo8PCUuHjsx1nNOCoT7sI99S59nHpgw9axMk,,,,,,,,,
Data Engineer,,https://www.linkedin.com/jobs/view/4324915956,Savvycom - Software Product Development,,https://vn.linkedin.com/company/savvycomsoftware,,,,,,,,,,,,,,,,,IT Services and IT Consulting,,,LinkedIn,li-4324915956,linkedin,,,2025-11-28,fulltime,,,,,,False,mid-senior level,Information Technology,,,"**Mô tả công việc** 



* Maintain and design relational databases to support enterprise application and physical data modelling according to project requirements for data acquisition and security as well as customer\-defined deliverables.
* Develop strategies for data modeling, design, and implementation to meet stated requirements for Metadata management, Online Transaction Data Stores, Data Lake, Data Marts and Extract Transform Load environments in batch processing and real\-time injection.
* Create and test physical data models for a variety of business data, applications, database structures and metadata tables to meet operational goals for performance and efficiency
* Carrying out day\-to\-day support for reporting system.



  
 



**Yêu cầu ứng viên** 



* At least 03 years of experience in Data Engineering.
* Proficient with some of the modern relational databases such as Oracle, DB2, DynamoDB, Postgres and SQL Server
* Hand\-on experiences AWS DMS, Amazon Kinesis Data Stream, S3, Glue and Glue Jobs
* Hand\-on experiences on designing and developing ETL solution by using AWS Glue and SSIS or other ETL tools
* Strong in writing T\-SQL, PL/SQL Good understanding of Data Modelling, processing, and warehouse techniques
* Skilled at optimizing large, complicated SQL statements Capable of troubleshooting common database issues Knowledge at reporting development with SSRS and Power BI
* Good written and oral communication skills in English.
* Have leadership experience is a plus



  





**Quyền lợi** 



* Salary review twice a year.
* Receive social insurance according to Vietnamese Government regulations.
* Working in a young and professional environment. Direct contact with English\-speaker foreign clients.
* Friendly \& Open working environment (daily tea break, weekly sports time, monthly outdoor activity, annual holiday).
* Support English courses, sport activities \& other team building activities.
* Obtain guidance and awareness of advanced technologies.
* Receive overtime\-working allowance.
* Working hours: 5 days/week (Monday to Friday).",https://media.licdn.com/dms/image/v2/C560BAQEDhw9ua6ni0A/company-logo_100_100/company-logo_100_100/0/1651656151879/savvycomsoftware_logo?e=2147483647&v=beta&t=lw3PC0tjY04fAheqKHNiebY661EKVkLzWhnk5tqsFyo,,,,,,,,,
Data Engineer,,https://www.linkedin.com/jobs/view/4339413812,ĐÚNG NGƯỜI ĐÚNG VIỆC Community,,https://vn.linkedin.com/company/dungnguoidungviec,,,,,,,,,,,,,,,,,Professional Organizations,,,LinkedIn,li-4339413812,linkedin,,"Phường Chí Minh, Hai Duong, Vietnam",2025-11-28,fulltime,,,,,,False,entry level,Information Technology,,,"Mô tả công việc
   

  

* Data Warehouse Construction and Management
* Collaborate closely with ERP, Software teams, and functional departments to define data flows and data semantics.
* Execute ETL processes, establish and manage connections with the data warehouse.
* Partner with the analytics team to design appropriate data sets for reporting.
* Adapt data set structures in response to evolving business needs and requirements.
* Document data structures and definitions, maintaining comprehensive and up\-to\-date records.
* Resolve issues related to the database promptly and effectively.
* Data Warehouse Performance Enhancement
* Develop optimal data warehousing and data loading solutions in line with product requirements from the analytics and Machine Learning teams.
* Collaborate with the IT team to enhance the data warehouse environment, providing advice and proposing solutions to increase storage capacity, improve loading speed, and reduce costs.
* Monitor the cost and capacity of the data warehouse environment, tracking any issues and resolving them as quickly as possible to ensure the smooth operation of the reporting system and Machine Learning tools.
* Data Security and Integrity
* Establish and manage outgoing connections from the data warehouse, ensuring stability and security.
* Monitor for any issues that could compromise data accuracy, alert relevant parties and resolving issues promptly.


 Yêu cầu công việc
   

  

* Bachelor’s degree in computer science, Engineering, or related field, or equivalent work experience.
* Proven experience as a Data Engineer, Software Developer, or similar.
* At least 2 years of experience working with large and complex data warehouse systems with hand\-on data architecture experience.
* Proficient in designing and building data models using the Kimball methodology for various data marts (Sales, Finance, Marketing).
* Advanced skills in SQL and dbt for building, testing, and optimizing data transformation workflows.
* Hands\-on experience with workflow orchestration tools like Airflow, Dagster, or n8n.
* Experience implementing data quality frameworks, including unit testing and data validation.
* Strong understanding of various data ingestion patterns (e.g., Incremental, Snapshot, CDC).
* Knowledge of Power BI data modeling and writing complex DAX queries.
* Strong organizational and project management skills.",https://media.licdn.com/dms/image/v2/D560BAQGZgbFhjnuiQg/company-logo_100_100/company-logo_100_100/0/1729133843131/dungnguoidungviec_logo?e=2147483647&v=beta&t=8shfQI8yy1G9nDMFKw43NJhX3jttLF5Xpl3u3PKfUqQ,,,,,,,,,
Data Engineer Executive,,https://www.linkedin.com/jobs/view/4324848715,TH Group,,https://vn.linkedin.com/company/th-group-global,,,,,,,,,,,,,,,,,Manufacturing,,,LinkedIn,li-4324848715,linkedin,,,2025-11-28,fulltime,,,,,,False,entry level,Information Technology,,,"**Địa điểm:** 

 Hà Nội
 




**Công ty:** 

 TH Food Chain
 




**Vị trí:** 

 Chuyên viên
 




  





**MÔ TẢ CÔNG VIỆC** 



* Thiết kế, xây dựng và tối ưu hệ thống xử lý dữ liệu của tập đoàn
* Phối hợp với nội bộ team Data tích hợp các dữ liệu phục vụ cho việc xây dựng và phân tích các báo cáo theo yêu cầu của Ban Lãnh Đạo
* Quản lý hệ thống đảm bảo vận hành ổn định, đảm bảo chất lượng dữ liệu



  





**YÊU CẦU** 



* Tốt nghiệp Đại học ngành CNTT, Toán \-Tin, Khoa học máy tính hoặc các ngành có liên quan.
* Tối thiểu 1,5 năm kinh nghiệm ở vị trí Data Engineer, ưu tiên có kinh nghiệm với Azure, Fabric.
* Thành thạo ngôn ngữ SQL, Python.
* Có kinh nghiệm làm việc với hệ sinh thái Hadoop, Spark,...
* Làm việc tốt trên các hệ CSDL SQL, NoSQL.
* Có kinh nghiệm dưới vai trò AI Engineer là một lợi thế.
* Kỹ năng giao tiếp, tư duy logic tốt.
* Đọc hiểu tài liệu tiếng Anh chuyên ngành.



  





**QUYỀN LỢI** 



* Thu nhập hấp dẫn, Thử việc lương 100%
* Thưởng lễ tết \+ Thưởng tháng 13, 14 \+ Thưởng kết quả kinh doanh năm Công ty
* Bảo hiểm đầy đủ theo quy định nhà nước
* Gói bảo hiểm tai nạn 24/7 và gói bảo hiểm chăm sóc sức khỏe cao cấp
* Cơ hội thăng tiến nội bộ, môi trường làm việc hạnh phúc
* Cùng rất nhiều chế độ hấp dẫn khác đang chờ đợi Anh/Chị.",https://media.licdn.com/dms/image/v2/D560BAQHaBrjP62cItQ/company-logo_100_100/B56Zmj46N9I4AQ-/0/1759391229802/th_group_global_logo?e=2147483647&v=beta&t=fmiET06KxsEn1UOi_rPxt2ePUDoJqD5uC8u3FOvPp7U,,,,,,,,,
Senior Data Analyst (PowerBI),,https://www.linkedin.com/jobs/view/4335482478,GeoComply,,https://ca.linkedin.com/company/geocomply,,,,,,,,,,,,,,,,,Software Development,,,LinkedIn,li-4335482478,linkedin,,,2025-11-28,fulltime,,,,,,True,mid-senior level,Information Technology,,,"**About GeoComply**
 We’re GeoComply! We are at the forefront of geolocation, cybersecurity, and anti\-fraud innovation, developing and delivering cutting\-edge technologies to help ensure regulatory compliance, combat bad online actors, alleviate user friction, and protect businesses from fraud.
   

  

 Achieving significant business and revenue growth over the past three years and dubbed a tech “Unicorn,” GeoComply has been trusted by leading global brands and regulators for over ten years. Our compliance\-grade geolocation technology solutions are installed on over 400 million devices and analyze over 12 billion transactions a year.
   

  

 At the heart of it all is the people, united by a deep commitment to problem\-solving and revolutionizing how people and businesses use the internet to instill confidence in every online interaction. With teams across five countries, three continents, and a global customer base, we have no plans to slow down.
   

  

**The Role**
* Are you passionate about using data to drive strategic business decisions? Would you like to be part of a team that shapes the future of our company by transforming data into actionable intelligence?
* The Senior Data Analyst (Business Intelligence) will be a key member of the Business Intelligence team. Your primary responsibility is to drive GeoComply's evolution from a reactive, history\-focused entity to a proactive, forward\-looking, and data\-driven enterprise. This role moves beyond standard reporting to answer not just ""what happened,"" but ""why did it happen,"" ""what will happen,"" and most importantly, ""what should we do about it?"".
* The ideal candidate has a strong analytical mind, deep business acumen, and a talent for telling compelling stories with data. You are a proactive problem\-solver who is enthusiastic about conducting analysis to tackle complex business challenges.


**Key Responsibilities**
* Take ownership of the entire BI project lifecycle. This includes gathering requirements from stakeholders, identifying and validating necessary data sources, building and maintaining data models, and designing intuitive, insightful dashboards (e.g Power BI, Databricks, Kibana)
* Conduct analysis \& collaborate with stakeholders to uncover the root causes, investigate underlying trends, and present not just what happened, but why it happened.
* Present your findings to both technical and non\-technical audiences. Create compelling narratives that use data to illustrate a business problem, the analysis you conducted, and your proposed solution
* Work with respective product managers or department heads to develop production monitoring system; liaising with the CS, SD, PM, and AM teams to ensure they have the most up to date information to meet client needs
* Guide and mentor junior analysts on the team, sharing best practices for data analysis, dashboard design, and data storytelling.


**Who You Are**
* Minimum 3 years of experience in a Data Analyst, Business Intelligence Analyst, or a similar analytical role.
* Experience creating impactful dashboards using BI tools (e.g PowerBI, Databricks Dashboard, Kibana) and a strong ability to present complex data in a simple, engaging manner.
* Strong business acumen with an aptitude for quickly understanding business problems and connecting data insights to strategic goals.
* Ability to understand the business, technical and customer requirements, prioritizing issues and escalating as required
* Good interpersonal skills, advanced level of English in reading, writing, and verbal communication
* Good presentation skills for internal reporting and external presentations


**Bonus Points**
* Are experienced in Marketing Analytics
* Are experienced with Kibana (Elastic Search), Databricks
* Have good knowledge of Jira, Zendesk, and Atlassian;
* Have coding experience using Python, PySpark, SQL;
* Experience in team management, coaching, training;


 Why Join GeoComply:
   

  

 ☘ Hybrid working mode \& Modern office at a prime location in District 1
   

  

 ☘ Professional development budget to support your growth
   

  

 ☘ 20 annual leave days, 5 sick leave days
   

  

 ☘ Premium health insurance (Bao Viet or Liberty)
   

  

 ☘ Social, unemployment, and health insurance contributions based on full salary
   

  

 ☘ Competitive salary package, 100% salary during the probation period
   

  

 ☘ Attractive bonuses (13th month, business performance, equity plans)
   

  

 ☘ Annual salary performance review
   

  

 ☘ Free parking
   

  

 ☘ Annual company trip \& Year\-end party
   

  

 ☘ Quarterly team\-building activities
   

  

 ☘ In\-office snacks and drinks (snacks, coffee, juice, milk, etc.)
   

  

 ☘ International working environment
   

  

**Apply Now!**
 Interested in joining our team? Send us your resume and a cover letter. We can’t wait to meet you!
   

  

**Commitment to Diversity and Equity.**
 If you don't tick every box in this job description, please don't rule yourself out. Research suggests that women and other people in underrepresented groups tend to only apply if they meet every requirement. We focus on hiring people who value inclusion, collaboration, adaptability, courage, and integrity rather than ticking boxes, so if this resonates with you, please apply.
   

  

**Search Firm Representatives Please Read Carefully**
 We do not accept unsolicited assistance from search firms for employment opportunities. All CVs or resumes submitted by search firms to any employee at our company without a valid written agreement in place for this position will be considered the sole property of our company. No fee will be paid if a candidate is hired by GeoComply due to an agency referral where no existing agreement exists with the GeoComply Talent Acquisition Team. Where agency agreements are in place, introductions must be through engagement by the GeoComply Talent Acquisition Team.
   

  

**Why GeoComply?**
 Joining the GeoComply team means you’ll be part of an award\-winning company to work, learn and grow. We are fast\-paced, high\-impact, and have a can\-do team culture.
   

  

 To be successful in our organization, you need an eager attitude, professionalism, and the confidence to willingly work to prove yourself and your ideas, and earn the trust of the organization.
   

  

 Here’s why we think you’d love working with us.
   

  

**We’re working towards something big**
 We’ve built a reputation as the global market leader for geolocation compliance solutions for over 10 years. We’re trusted by customers from all over the world, and the next few years will be particularly exciting as we continue to scale across new markets.
   

  

**Our values aren’t just a buzzword**
 Our values are the foundation for what we as a company care about most. They signify the commitment we make to each other around how we act and what we stand for. They are our north star as we work together to build a company we’re all proud to be a part of. Learn more, here .
   

  

**Diversity, equity, and inclusion are at the core of who we are**
 In collaboration with our team and external partners, we promote DEI in our recruitment and hiring practices; scholarships and financial aid; training and mentorship programs; employee benefits, and more.
   

  

**Learning Is At The Heart Of Our Employee Experience**
 At GeoComply, we foster an environment that empowers every employee to gain the knowledge and abilities needed to perform at their very best and help our organization grow. From a professional development budget to local training opportunities, knowledge\-sharing sessions and more, we are continually investing in employee career growth and development.
   

  

**We believe in being a force for good**
 We profoundly care about our impact on the world and strive to make meaningful contributions to the communities we work and live in. Our Impact division focuses on philanthropic and social responsibility initiatives, including supporting our local communities, advancing equality, and harnessing our technology to protect vulnerable groups. Learn more, here .
   

  

**We Care About Our Team**
 Our GeoComply team is talented, driven and hard\-working, and is known for its positive attitude and energy. At GeoComply, we take care of our employees with the total package. Team members are generously rewarded with competitive salaries, incentives, and a comprehensive benefits program.
   

  

**We value in\-person collaboration**
 GeoComply culture thrives on a dynamic mix of in\-person energy and independent focus and we champion a hybrid work model that blends the energy of in\-person collaboration with the flexibility to work from home. Our 3\-day in\-office policy fosters teamwork and innovation, while also recognizing the importance of individual work styles and needs.
   

  

 \- \- \- \- \- \- \- \- \- \-
   

  

*At GeoComply, we live our value of Act with Integrity. Our workplace is built on mutual respect and inclusion, and we welcome applicants of all backgrounds, experiences, beliefs, and identities. Creating an accessible interview experience for all candidates is important to us. If you have any requests (big or small) throughout our hiring process, please don’t hesitate to let us know so we can do our best to prioritize your needs.*
*We care about your privacy and want you to be informed about your rights. Please read our* 
*Applicant Privacy Notice* 
*before applying for the position.*
 We may use artificial intelligence (AI) tools to support parts of the hiring process, such as reviewing applications, analyzing resumes, or assessing responses. These tools assist our recruitment team but do not replace human judgment. Final hiring decisions are ultimately made by humans. If you would like more information about how your data is processed, please contact us.",https://media.licdn.com/dms/image/v2/D560BAQGZ7NTvP-TvlQ/company-logo_100_100/company-logo_100_100/0/1665207936574/geocomply_logo?e=2147483647&v=beta&t=CR5Zy0ZQjaS4baS-0VQmjixzDYc_UN24_KJNkB1TIo8,,,,,,,,,
Data Engineer,,https://www.linkedin.com/jobs/view/4325020725,GMO-Z.com RUNSYSTEM JSC.,,https://vn.linkedin.com/company/gmo-runsystem-jsc,,,,,,,,,,,,,,,,,IT Services and IT Consulting,,,LinkedIn,li-4325020725,linkedin,https://runsystem.net/en/careers/data-engineer&urlHash=z9v0,"Hanoi, Hanoi, Vietnam",2025-11-28,fulltime,,,,,,False,entry level,Information Technology,,"hr@runsystem.vn, thuyntp@runsystem.net, huyentt2@runsystem.net","* Level: Experienced, Junior, Middle
* Khối: DX Solution \& Product
* Hạn ứng tuyển: 13/05/2025
* Trạng thái: Inactive
* Số lượng tuyển: 1
* Thu nhập: upto 20 triệu
* Địa điểm: Hà Nội


 Nội dung công việc
   

  

* Phân tích và thiết kế kho dữ liệu
* Thiết kế chi tiết giải pháp và phát triển các luồng (Data Pipeline) thu thập, chuẩn hóa, làm sạch, làm giàu, lưu trữ, xử lý(dùng code hoặc dùng tool ETL)
* Tối ưu hiệu năng của hệ thống
* Tham gia phát triển báo cáo
* Tham gia cài đặt và cấu hình môi trường
* Tư vấn các vấn đề liên quan tới chất lượng dữ liệu, nghiên cứu và đưa ra phương pháp để tối ưu việc kết xuất, chuyển đổi dữ liệu


 Yêu cầu công việc
   

  

**Bằng Cấp**
* Tốt nghiệp hoặc sắp tốt nghiệp chuyên ngành Khoa học Máy tính, Công nghệ Thông tin, Toán Tin hoặc các ngành liên quan.


**Kinh Nghiệm**
* Từ 1\-2 năm kinh nghiệm trong phát triển Python và Data Engineer. Kinh nghiệm với AI/ML là một lợi thế lớn.
* Có kinh nghiệm trong phát triển phần mềm bằng python, html, css, javascript
* Có kinh nghiệm với RDBMS (SQL Server, MySQL, PostgreSQL); sử dụng môi trường Linux (bash scripts, firewall,...); Đã làm việc với các công cụ Git, Kafka, Spark, Hadoop, Airflow, MageAI
* Có kinh nghiệm visualize data sử dụng metabase, superset hoặc các công cụ tương tự
* Hiểu biết về khái niệm Data Lake và Data Warehouse.


**Kỹ Năng**
* Thành thạo ngôn ngữ lập trình Python.
* Thành thạo sử dụng các công cụ AI như chatgpt, github copilot
* Có kỹ năng về Crawler, Backend là một lợi thế.
* Có kỹ năng sử dụng cơ sở dữ liệu SQL, NoSQL..
* Có kỹ năng phân tích và xử lý dữ liệu cơ bản.
* Khả năng sử dụng tiếng Anh thành thạo.
* Tinh thần học hỏi, khả năng làm việc nhóm và chịu được áp lực công việc.


 Chế độ đãi ngộ
   

  

* Range lương: upto 20\.000\.000 VNĐ; 13 tháng lương/năm
* Phụ cấp ăn trưa 730\.000 VNĐ, thưởng 300\.000 VNĐ quà sinh nhật và các loại thưởng khác (Thưởng thành tích, thưởng cá nhân xuất sắc, thưởng đạt chứng chỉ ngoại ngữ/chuyên môn từ 1\.000\.000 VNĐ \- 5\.000\.000 VNĐ).
* Hỗ trợ chi phí khóa học ôn, lệ phí thi chứng chỉ ngoại ngữ/chuyên môn.
* Được làm việc trực tiếp với các khách hàng Nhật Bản
* Được hưởng các phúc lợi khác như: Team\-building hàng tháng, nghỉ mát hàng năm, khám sức khỏe định kỳ,...
* Tất cả các chế độ theo quy định của Luật Lao động Việt Nam (BHXH, BHYT, BHTN,...).
* Nghỉ phép năm và các ngày nghỉ lễ, Tết khác theo quy định của Nhà nước Việt Nam.
* Môi trường làm việc trẻ trung, năng động, có lộ trình và cơ hội thăng tiến


 Liên hệ
   

  

 Gửi CV kèm ảnh và tiêu đề email theo cấu trúc: \[Tên vị trí\_Tên ứng viên]
   

  

* Email: hr@runsystem.vn
* Website: https://runsystem.net Hoặc liên hệ trực tiếp với HR:
* HR : Phương Thủy \- Zalo: 0971024576 \| Email: thuyntp@runsystem.net
* HR: Thanh Huyền \- Zalo: 0965003031 \| Email: huyentt2@runsystem.net",https://media.licdn.com/dms/image/v2/C510BAQHiInDFXQaNPQ/company-logo_100_100/company-logo_100_100/0/1630566325794/gmo_runsystem_jsc_logo?e=2147483647&v=beta&t=UF1k2nOGKK3iNKWYA0VIFbJCaB_ncfWGB0AXYFEGH8o,,,,,,,,,
Middle Data Engineer (Banking),,https://www.linkedin.com/jobs/view/4340120166,The Value Maximizer,,https://vn.linkedin.com/company/the-value-maximizer,,,,,,,,,,,,,,,,,IT Services and IT Consulting,,,LinkedIn,li-4340120166,linkedin,,"Hanoi, Hanoi, Vietnam",2025-11-28,fulltime,,,,,,False,mid-senior level,Other,,,"**MÔ TẢ CÔNG VIỆC**
* Phân tích yêu cầu nghiệp vụ cho hệ thống dữ liệu từ nguồn, phối hợp xây dựng các yêu cầu dữ liệu phục vụ báo cáo, phân tích từ các hệ thống nguồn khác nhau như T24, W4,..
* Vận hành , phát triển \& tối ưu hóa luồng dữ liệu \- cả mảng dữ liệu \& sandbox cho các team Analytics
* Duy trì \& phát triển hệ thống từ điển dữ liệu cho khối KHCN Yêu cầu tuyển dụng1\. Trình độ Học vấn
* Đại học hoặc cao hơn liên quan đến 1 trong các ngành kinh tế, tài chính, ngân hàng, hoặc công nghệ thông tin, toán tin ứng dụng, ngoại thương...2\.Kiến thức/ Chuyên môn Có Liên Quan
* Có từ 2 năm kinh nghiệm ở vai trò Kỹ sư Dữ liệu hoặc vai trò tương đương
* Có kinh nghiệm thiết kế ở mức schema các hệ quản trị cơ sở dữ liệu
* Có kinh nghiệm cũng như kiến thức nghiệp vụ ngân hàng cũng như các hệ thống nghiệp vụ ngân hàng
* Có kinh nghiệm làm việc với các hệ thống dữ liệu: Data Warehouse/ Data LakeHouse/ Data Product
* Có kiến thức về các ngôn ngữ lập trình (SQL, Python, Spark)
* Có kinh nghiệm triển khai thực tế với các hệ thống IBM DWH, AWS, Databricks là 1 điểm cộng
* Có chứng chỉ về Data Engineer là 1 điểm cộng Quyền lợi và chế độ đãi ngộ
* Mức lương: 20\- 40 triệu \+ Thưởng dự án
* Đóng đầy đủ bảo hiểm
* Thưởng lễ, Tết
* Xét tăng lương hàng năm (8\-10 triệu/năm)
* Nghỉ phép theo quy định công ty
* Onsite dự án VPBank (dài hạn)
* Thử việc 2 tháng (lương thử việc 85%)",https://media.licdn.com/dms/image/v2/C560BAQFQlS1u4mikHQ/company-logo_100_100/company-logo_100_100/0/1679561982486/the_value_maximizer_logo?e=2147483647&v=beta&t=WFle2B8eNGE3ce1__YExhJZmD-S_bp3Yw6zqROG0V0Y,,,,,,,,,
Chuyên viên Kiểm thử Dữ liệu - Data Tester - Khối Dữ liệu (HO25.493),,https://www.linkedin.com/jobs/view/4324599221,MBBank,,https://vn.linkedin.com/company/mbbank,,,,,,,,,,,,,,,,,Banking,,,LinkedIn,li-4324599221,linkedin,,,2025-11-28,fulltime,,,,,,False,associate,Information Technology,,,"**Job Description** 



* Develop test scenarios and test cases based on approved data technology service requirements provided by business units.
* Participate in the System Integration Testing (SIT) phase to verify and validate data quality before delivery to end users.
* Monitor and ensure internal compliance with data development procedures and policies to guarantee data quality and governance.
* Collaborate with Business Analysts (BA) and Data Analysts (DA) to understand and analyze business requirements from various departments, document specifications, and provide user guidance.
* Work closely with BA/DA teams to translate business needs into clear, structured, and testable data requirements.



  





**Job requirements** 



* Bachelor’s degree in Information Technology, Telecommunications, Finance, Banking, Economics, or a related field.
* Minimum of 1 year of experience in the banking or financial sector, with an understanding of key banking operations such as Retail Banking, Corporate Banking, or general financial concepts (PnL, Balance Sheet, KPIs, etc.).
* ISTQB or other international software testing certifications are a plus.
* English proficiency: TOEIC score of 450 or equivalent.



  





**Application Instructions:** 




 Apply directly on the MB Bank recruitment page on https://careers.mbbank.com.vn/home\-page.
 



 MB Bank requires applicants to provide the following details:
 



 \- Personal information: Full name, Date of birth, Gender
 



 \- Contact phone number and Email
 



 \- Education level, Graduating school
 



 \- Work experience
 



 \- 3 to 5 standout skills
 



 \- Recruitment source
 



  





**Why should you apply directly via** 
 https://careers.mbbank.com.vn/home\-page
 **?** 




 \- Your application will be assessed quickly.
 



 \- Applicants should regularly check their email and phone to ensure they don't miss the interview schedule.",https://media.licdn.com/dms/image/v2/C510BAQE43LPFo3ryJA/company-logo_100_100/company-logo_100_100/0/1630627496642?e=2147483647&v=beta&t=OyUnoabzFJeTdrpvaDn3vC2ZlNjZloV0gYk3P8hD9lA,,,,,,,,,
IT Business Analyst Trainee,,https://www.linkedin.com/jobs/view/4339198620,AvePoint,,https://www.linkedin.com/company/avepoint,,,,,,,,,,,,,,,,,Data Security Software Products,,,LinkedIn,li-4339198620,linkedin,,"Ho Chi Minh City, Vietnam",2025-11-28,fulltime,,,,,,False,internship,Information Technology,,,"About AvePoint
 



 AvePoint is a leading global software company specializing in data management, security, and digital transformation solutions, especially for Microsoft 365, Google Workspace, and Salesforce environments.
 



  





**Company Overview** 




 AvePoint was founded in 2001, is headquartered in Jersey City, New Jersey, and has a significant presence worldwide including a major hub in Singapore, established in 2009\. It went public on NASDAQ in 2020 and now supports over 25,000 customers across more than 100 countries, managing more than 535 petabytes of data.
 



  





 On 19
 *th* 
 September 2025, AvePoint announced dual listing on Singapore Stock Exchange as part of the company’s global expansion plan.
 



  





  





 Job Description 
 


* AvePoint is building its R\&D team in HCMC and you will be part of the pioneering cohort of early employees in HCMC office.
* You will support senior developers and team lead to build features according to business requirements.
* You will write design documents.
* Fix bugs and build feature changes as required.
* Monitor code performance and support senior developers/ team lead to optimize performance



  





**Requirements** 



* College or university graduated, major in computer science or IT or equivalent
* Knowledge of object\-oriented programming and .NET (C\#)
* Proficient in using Visual Studio or Microsoft technology, HTML5, CSS3, JavaScript is an advantage
* Having a sense of responsibility, persistence
* Able to work independently and in a team
* Basic spoken and written English
* Chinese is a plus score during the interview.



 Work Location 
 



 Circo 222 Dien Bien Phu, Xuan Hoa Ward, Ho Chi Minh City.
 



  





  





 Benefits
 


* Trained on Software Development and Business English Communication skills by certified international trainers from Singapore, China, United States.
* Hone your communication skills in an English speaking environment.
* Opportunity to be converted to full\-time employee at the end of 3\-month training program.
* Opportunity to be offered a seat under 'Work Study Program in Singapore' to earn a master degree in AI \& Design while working in Singapore office.
* Dynamic, young environment to build career path in a global organization environment.",https://media.licdn.com/dms/image/v2/C4D0BAQFb4VxM4FZCcg/company-logo_100_100/company-logo_100_100/0/1631309507529?e=2147483647&v=beta&t=439BbPXbMG_wzTc4uRoHutgOd-ASGv_5tszCogdb-6U,,,,,,,,,
Senior Data Scientist,,https://www.linkedin.com/jobs/view/4324186494,Data Nest,,https://vn.linkedin.com/company/datanest-vn,,,,,,,,,,,,,,,,,Financial Services,,,LinkedIn,li-4324186494,linkedin,,,2025-11-28,fulltime,,,,,,False,mid-senior level,,,,"Company Information 
 




 Founded in 2018, Data Nest is a dynamic and innovative company specialising in credit scoring, lead generation services and other products. By harnessing the power of Data Analytics and AI, we help finance companies to reduce their credit loss, to widen their consumer base, and to fasten their release of new financial services.
 





 We aim to transform the financial landscape through the strategic application of data analytics and AI and make a better society where financial services are accessible for everyone.
 





 Are you ready to be part of a dynamic and passionate team at the forefront of revolutionising the financial industry? Look no further – Data Nest is the place to be!
 




**Why Choose Data Nest?** 




**Market\-Leading Benefits:** 

 At Data Nest, we believe that our success is fueled by the talent and dedication of our team members. That's why we're proud to offer top\-notch benefits that set us apart from the rest!
 




**Innovation at its Core:** 

  We're not just another company; we're a hub of innovation, where your ideas are valued, and your creativity is encouraged.
 




**Exciting Challenges:** 

  We tackle challenges head\-on and view them as opportunities for growth. Join us in solving complex problems and pushing the boundaries of what's possible in the world of data analytics and AI.
 





 Apply now \- Your future start here !
 



 A. JOB DESCRIPTION
 
 We are looking for innovative data scientists to build and evolve our leading financial products. You will work with a team of young and talented scientists and engineers to build robust and scalable data models using big data pipelines, conduct advanced research in implementing state\-of\-the\-art ML and AI techniques, build high\-quality data services that are both real\-time and batch\-based.
 


 B. RESPONSIBILITIES
 * Develop our extensive range of products such as Credit Score, Fraud Score, Income Score, Lead Generation, etc.
* Utilize robust Big Data platform and powerful computation clusters to perform your day\-to\-day tasks of analysis, modeling, feature engineering, deployment and monitoring.
* Work with broad categories of structured and unstructured data such as tabular, text, media, etc. to improve ML models.
* Experience full MLOps practices: streamlined data pipeline, deployment, feature monitoring, model performance monitoring, business integration.
* Mentor
 
  Junior Data Scientists and provide them with practical guidance, as needed.
* Partner with business stakeholders to translate business challenges into data science projects with measurable outcomes.
* Communicate insights effectively to both technical and non\-technical stakeholders.
* Define team goals, manage project timelines, and ensure delivery of high\-quality, business\-impactful outcomes.
* Collaborate cross\-functionally teams to align data science initiatives with company strategy.
* Drive adoption of best practices, innovation, and continuous improvement within the Data Science team


 C. SKILLS \& QUALIFICATIONS 
 * Essential:
* Bachelor’s degree or higher qualification.
* Experienced in working with Python, SQL.
* Strong desire to learn about programming, statistics, ML, product, domain expertise, etc. Here we are avid learners, you’ll see.
* Hands\-on experience with Hadoop and Big Data related technologies such as Spark, Hive, Kafka,..
* Strong understanding of financial services and the digital banking products.
* Possess a data\-driven mindset and a passion for applying data science to solve real\-world business problems.
* Experience in managing complex data science projects from inception to completion.


 D. Why you will love
 * Challenging problems to solve with high impact to the society.
* High performing team members with strong backgrounds.
* Great problems to solve, great team to work with.
* Competitive starting salary.
* 13th salary, and bonuses depending on company profits, project rewards.
* Company\-provided Apple computers.
* Benefits for special holidays (Birthday, Marriage, Women’s Day, Tet Holidays, Mid\-Autumn, New born babies, International Children ‘s Day…)
* Social Insurance on TOTAL salary
* Support lunch 80\.000VND/day and Happy Friday.
* 12 days of annual leave and 1 day of birthday leave.
* Annual Health check\-up.
* Team building and company trip at 5\-stars resort.
* Support Grab for work.
* Health care insurance for employees and family.
* Life Insurance for the employee with indefinite contract.",https://media.licdn.com/dms/image/v2/D560BAQEtQRodY000kA/company-logo_100_100/company-logo_100_100/0/1664333281405/datanest_vn_logo?e=2147483647&v=beta&t=mlAlVVUtJdIMVxuWoeF7t6PEZSfulRqojwJmH7aIG0A,,,,,,,,,
"AI Engineering Intern, Speech Recognition - 2026",,https://www.linkedin.com/jobs/view/4339379740,NVIDIA,,https://www.linkedin.com/company/nvidia,,,,,,,,,,,,,,,,,"Computer Hardware Manufacturing, Software Development, and Computers and Electronics Manufacturing",,,LinkedIn,li-4339379740,linkedin,,"Ho Chi Minh City, Ho Chi Minh City, Vietnam",2025-11-28,fulltime,,,,,,False,internship,Other,,,"Are you ready to build the future of speech recognition technology? At NVIDIA, we are seeking an exceptionally dedicated Intern AI Engineer to join our team in Vietnam. This role provides a special opportunity to work on groundbreaking AI projects specifically dedicated to Vietnamese and other Asian languages. As a member of our top\-tier team, you will be immersed in an environment that fosters creativity, diversity, and teamwork.
   

  

**What You'll Be Doing**
* Developing and refining speech recognition models for Vietnamese and additional languages from the Asian region, such as Japanese, Korean, and Mandarin.
* Collaborating with multi\-functional teams to identify user needs and effectively implement solutions.
* Working closely with senior engineers to integrate speech recognition features into our products.
* Participating in research endeavors passionate about improving the precision and efficiency of voice recognition algorithms.
* Testing and debugging to ensure flawless performance in real\-world scenarios.


**What We Need To See**
* Currently pursuing a degree in Computer Science, Electrical Engineering, or a related field.
* Strong programming skills in Python, C\+\+, or equivalent languages.
* Proven understanding of machine learning principles and techniques.
* Familiarity with deep learning frameworks such as TensorFlow or PyTorch.
* Ability to work collaboratively in a diverse team environment.
* Strong problem\-solving skills and a focus on detail.


**Ways To Stand Out From The Crowd**
* Proficiency in Japanese or Korean is considered a huge advantage.
* Experience with NVIDIA's NeMo platform is an advanced skill.
* Previous experience in speech recognition projects.
* Demonstrated ability to compete and succeed in ambitious environments.


 JR2008038",https://media.licdn.com/dms/image/v2/D560BAQGV36q2EowSyw/company-logo_100_100/company-logo_100_100/0/1724881581208/nvidia_logo?e=2147483647&v=beta&t=oCxt8kGhi0AfLuVDY7D_jzkUIEe-fAV5Q5eLaRxXzOE,,,,,,,,,
"Application Deployment Engineer (VMware, Citrix, Powersell, Python)",,https://www.linkedin.com/jobs/view/4336846354,MiTek Vietnam,,https://vn.linkedin.com/company/mitek-vietnam,,,,,,,,,,,,,,,,,"IT System Data Services, IT System Testing and Evaluation, and IT System Operations and Maintenance",,,LinkedIn,li-4336846354,linkedin,,,2025-11-28,fulltime,,,,,,False,associate,Information Technology,,,"Job description
 



*The Application Deployment Engineer is responsible for the practical execution of software deployment, focusing on preparing and validating applications for successful deployment. This role performs the detailed tasks encompassing application packaging, installation, and environment\-specific configuration. This position requires strong collaboration with various global departments to ensure strict cybersecurity controls and global IT processes are upheld. Also required is a strong technical aptitude, meticulous attention to detail, and a proactive approach to ensuring application readiness for seamless deployment across diverse environments.* 




  





**Responsibilities** 



* Deploy software applications and updates to various environments (development, testing, staging, production) following established procedures and using deployment automation tools.
* Assist in maintaining and configuring deployment environments, ensuring consistency and stability.
* Contribute to the development and improvement of automated deployment scripts and pipelines.
* Monitor application performance and system health post\-deployment, identifying and resolving deployment\-related issues promptly.
* Perform software installations, updates, and maintenance to ensure applications are up\-to\-date and functioning properly.
* Optimize application delivery processes to enhance efficiency and user experience.
* Collaborate with various departments to address application\-related issues and improve user experience.
* Document and implement application processes, development, and testing.
* Assist with the development and implementation of new application solutions as required.
* Reinforce Cybersecurity policies with end users in day\-to\-day engagements with same.
* Contribute to Global IT’s strategy for implementing and maintaining approved software catalogues



  





**Qualifications** 



* Bachelor’s Degree or equivalent experience.
* 1\+ years \- Experience in application support, installation, and troubleshooting.
* 1\+ years \- knowledge of Citrix or other application delivery systems (Azure Virtual Desktop, TSplus, Parallels\-Awingu...)
* 1\+ years \- Experience with software updates, application packaging, and managing deployments.
* 1\+ years – Experience with virtualization technologies (such as VMWare) is an advantage
* 1\+ years \- Intune and Azure (EntraID) experience
* Familiarity with operating systems (Windows and/or Linux), MS Active Directory, and basic networking fundamentals.
* Familiarity with at least one scripting language (e.g., Python).
* Able to use Microsoft Office Applications at a high level.
* ITIL4 Foundation Certification desired.
* Experience with ITSM tools such as ServiceNow or Jira.
* Exceptional organisational skills and time management skills.
* Outstanding written and verbal communication skills in English.



  





**Why You'll love working here** 




**1\. Bonus** 



* Competitive Salary
* 13th Month Salary
* Productivity Bonus



**2\. Healthcare Plan** 



* PVI Healthcare for employee
* 24/7 Personal Accident insurance
* Annual health check\-up program
* Social insurance, health insurance, unemployment insurance



**3\. Paid Leave** 



* 12 days annual leave
* 1 day Christmas leave



**4\. Training** 



* Linkedin Learning
* Free English training programs (Cambridge English Scale) at office
* MiTek University



**5\. Awards** 



* Staff of the month
* Staff of the company
* 100 Platinum starts



**6\. Library** 




**7\. Laptop** 




**8\. Oversea Travel Opportunities** 




**9\. Team Activities** 



* Yearly company trip
* Ha Long trip for employees who have worked for 3 years



**10\. Canteen** 



* Free lunch, parking, uniforms



  





**\+ Working location:** 
 onsite at MiTek office, Dist.7, HCMC, Vietnam.",https://media.licdn.com/dms/image/v2/C560BAQHBBkXcgLTVrA/company-logo_100_100/company-logo_100_100/0/1630664430568/platinum_global_co_ltd_logo?e=2147483647&v=beta&t=-cuOkdfuq2gD2VxXW_Qggq7cyTDEASytxNqNEF_tvSo,,,,,,,,,
Bench Team - Software Engineer I - 2 positions,,https://www.linkedin.com/jobs/view/4324699426,MiTek,,https://www.linkedin.com/company/mitek-industries-inc,,,,,,,,,,,,,,,,,Construction,,,LinkedIn,li-4324699426,linkedin,https://careers.mii.com/jobs/bench-team-software-engineer-i-2-positions-tan-thuan-ward-h-chi-minh-vietnam?source=LinkedIn&utm_source=LinkedIn&urlHash=QzoW,"Tan Thanh, Quang Nam, Vietnam",2025-11-28,fulltime,,,,,,False,entry level,Engineering and Information Technology,,,"**Job Description**
 MiTek® is a global provider of building solutions for the residential and commercial construction industries. Utilizing software, services, engineered products, and automated manufacturing equipment, MiTek partners with clients to accelerate their genius and deliver breakthroughs in building.
   

  

 With a rich 60\-year history and a network of 6,500 team members worldwide, MiTek pairs local expertise with global capabilities. As a Berkshire Hathaway (NYSE: BRK\-A, NYSE: BRK\-B) company since 2001, MiTek has a record of continuous growth and innovation.
   

  

 Learn more at www.mii.com.
   

  

**A Brief Overview**
 Kỹ sư Phần mềm là một vị trí với nhiệm vụ bao gồm tham gia vào toàn bộ chu trình phát triển phần mềm của từng dự án hoặc sản phẩm mà mình phụ trách. Báo cáo trực tiếp cho Quản Lý Bộ Phận, Kỹ Sư Phần Mềm phải đảm bảo cung cấp dịch vụ hiệu quả và nhanh chóng nhằm đáp ứng nhu cầu và kì vọng của khách hàng và tiếp tục phát triển cùng các thành viên trong nhóm.
   

  

 Software Engineer is a role which involves participating in the full software development lifecycle for each project or product you are assigned. Reporting to the Manager, the Software Engineer must ensure a smooth efficient service that meets the expectations and needs of our customers and continues to grow \& develop our staff.
   

  

**Responsibilities**
**What You Will Do:**
* Áp dụng các giải pháp kỹ thuật phần mềm tốt nhất nhằm đảm bảo chất lượng sản phẩm phần mềm và xây dựng một môi trường phần mềm tối ưu
* Theo dõi, phân tích và hoàn thiện quá trình phát triển phần mềm hiện tại, đồng thời hỗ trợ xác định phương án cải thiện phù hợp
* Liên lạc và tương tác với các thành viên trong nhóm nhằm đảm bảo sự tiến bộ liên tục
* Trao đổi với tất cả khách hàng và các cổ đông khác nhằm cung cấp được dịch vụ chất lượng cao nhất có thể
* Chủ động và tích cực tham gia với tư cách là một thành viên nhóm Phát Triển Phần Mềm MiTek Việt Nam, đoàn kết hướng đến mục tiêu trở thành một tổ chức vững mạnh
* Tham gia hỗ trợ các công việc hằng ngày của nhóm
* Thiết kế, lập trình, kiểm tra và gỡ rối, sử dụng công nghệ, công cụ phát triển và ngôn ngữ lập trình theo yêu cầu của dự án.
* Công tác với Quản Lý Sản Phẩm, Quản Lý Chất Lượng, DevOps, Kiến Trúc Sư phần mềm và các nhóm chức năng khác trong dự án (Ví dụ: Customer experience, Sales, Marketing), để đảm bảo rằng các giải pháp hiệu quả, nhất quán và đáp ứng nhu cầu kinh doanh.
* Làm việc trong môi trường phát triển phần mềm Agile (ví dụ: Scrum, Kanban), tham gia các cuộc họp cam kết, hồi cứu và lập kế hoạch
* Chuyên cần trong giờ làm việc bình thường và ngoài giờ theo yêu cầu
* Tham gia đánh giá các yêu cầu phần mềm
* Tái cấu trúc sản phẩm hiện tại
* Áp dụng các tiêu chuẩn phát triển sảm phẩm và đảm bảo chất lượng để đảm bảo thao tác logic và dữ liệu chương trình hiệu quả
* Tiếp tục xây dựng gia đình MiTek Việt Nam thông qua việc hỗ trợ khách hàng và đảm bảo cung cấp cho tất cả khách hàng dịch vụ chất lượng cao nhất.
* Các công việc khác theo sự phân công
* Implement software engineering best practices to ensure the quality creation of software, and create an environment of software excellence
* Monitoring, analyzing and improving the current development process – and help determine appropriate strategies for positive improvement
* Liaising and interacting with all team members to ensure continuous improvement
* Communicating with all customers and other stakeholders to the highest level of quality applicable
* Positively and proactively participate as a member of the MiTek Vietnam Software Center, united in the pursuit of operational excellence
* Participate in daily activities to support the Team
* Design, code, test, and debug software, utilizing technologies, development tools and languages as required for the project assigned
* Collaborate with Product Management, Software Quality Assurance, DevOps, Architecture, and other functional teams (e.g. Customer experience, Sales, Marketing), to ensure that solutions are efficient, consistent and fulfill business needs
* Work in an Agile software development environment (e.g. Scrum, Kanban), participating in commitment, retrospective and planning meetings
* Attendance during regular work hours and overtime as required
* Participate in requirements reviews
* Refactor existing software
* Apply generally accepted development and quality assurance standards and techniques to assure efficient program logic and data manipulation
* Continue to grow the MiTek Vietnam family by supporting the customers and ensuring the highest level of service is provided to all customers
* Other reasonable duties as assigned


**Qualifications**
* Tốt nghiệp Đại học hoặc Cao đẳng, ưu tiên chuyên ngành Khoa học máy tính hoặc Kỹ sư máy tính
* Có kinh nghiệm trong lĩnh vực phần mềm hoặc các lĩnh vực liên quan với kiến thức sơ lược về các quy trình và giải pháp phát triển toàn cầu.
* Trình độ tiếng Anh (CEFR) B1\+ hoặc tương đương
* Có khả năng đưa ra mục đích và hướng đi rõ ràng trong công việc
* Nắm bắt và truyền đạt các mục tiêu làm việc đo lường được
* Truyền đạt thông tin ngắn gọn và rõ ràng
* Hỗ trợ các thành viên trong nhóm trong quá trình đào tạo thực tế (hoặc khi được đào tạo)
* Giải quyết các vấn đề và mâu thuẫn theo hướng tích cực
* Tuân thủ theo các quy trình phù hợp của MiTek Việt Nam
* Xây dựng một môi trường làm việc trong đó các thành viên trong nhóm hỗ trợ và đoàn kết với nhau
* Có khả năng động viên và khuyến khích các thành viên trong nhóm đưa ra sáng kiến và đặt trọng tâm vào chất lượng
* Xác định các cơ hội nhằm cải thiện quá trình phát triển và cung cấp các dịch vụ
* Khuyến khích và hỗ trợ xây dựng một văn hóa làm việc trong đó các thành viên không ngừng phát triển
* Hỗ trợ các thành viên trong nhóm khi công ty có các thay đổi
* Có khả năng thể hiện được các giá trị cốt lõi của Công ty MiTek Việt Nam
* Hiểu biết sâu sắc về dịch vụ khách hàng bao gồm việc thực hiện các quy định về sự hài lòng của nhân viên.
* University or College degree, preferably major in Computer Science or Engineering
* Have experience within software or related industry with a cursory knowledge of global development practices and procedures.
* English level (CEFR) B1\+ or equivalent
* Be able to provide a clear purpose and direction to your sprint tasks
* Understand and communicate measurable performance objectives
* Communicate clearly and succinctly
* Support team members through on\-the\-job training (or being trained)
* Resolve problems and conflicts positively
* Conduct yourself in line with appropriate MiTek Vietnam procedures
* Create a supportive, inclusive environment within the team
* Ability to encourage and motivate staff to deliver on initiatives with a focus on quality
* Identify opportunities for better service delivery and development
* Promote and support continuous improvement culture
* Support team members through change processes
* Capability to live the MiTek Vietnam values
* Demonstrated internal customer service insights including the implementation of employee satisfaction charters.",https://media.licdn.com/dms/image/v2/D560BAQG7mdGiXGxenw/company-logo_100_100/company-logo_100_100/0/1707399665260/mitek_industries_inc_logo?e=2147483647&v=beta&t=L1lIbzxGttYxIpVk9nVMLTtveUnJdLlfI_tvCoCQSfc,,,,,,,,,
Data Scientist - eKYC,,https://www.linkedin.com/jobs/view/4324598936,Trusting Social Career Page,,https://sg.linkedin.com/showcase/trusting-social/,,,,,,,,,,,,,,,,,Software Development,,,LinkedIn,li-4324598936,linkedin,https://trustingsocial.hire.trakstar.com/jobs/fk0z69r?pjb_hash=Y7bAmjMPq4&urlHash=cKt1,"Ho Chi Minh City, Ho Chi Minh City, Vietnam",2025-11-28,fulltime,,,,,,False,mid-senior level,Engineering and Information Technology,,,"Trusting Social is an AI Fintech pioneer that's revolutionizing credit access in emerging markets. Our mission is ""Advancing AI to Meet the Financial Needs of Everyday Consumers with Empathy."" We've assessed over 1 billion consumers across four countries, and we're on a mission to provide 100 million credit lines using the power of AI and Big Data.
   

  

**How You'll Make An Impact**
 As a Data Scientist, eKYC at Trusting Social, you will be instrumental in building cutting\-edge digital identity verification products for our eKYC (electronic Know Your Customer) projects. Your expertise in machine learning and computer vision will be crucial for developing robust systems to prevent fraud and money laundering. This role offers the opportunity to make a significant impact on revenue while also enhancing financial security, aligning with our strong social mission.
   

  

**What You'll Do**
* Develop Advanced ML Models: Build various machine learning models in computer vision, implementing novel solutions for diverse ML problems (supervised, semi\-supervised, unsupervised, one\-class).
* Research \& Implement Cutting\-Edge Algorithms: Research, design, and implement advanced ML models and algorithms to solve practical problems, optimizing for both performance and speed.
* Build Practical Vision Systems: Work with high\-dimensional image and video data to develop practical vision systems with a direct impact on revenue and profitability.
* Optimize for Deployment: Optimize and deploy ""tiny"" ML solutions for limited computation power devices like mobile and web platforms.


**What We're Looking For**
 We need a qualified, proactive, and technically skilled Computer Vision Data Scientist:
   

  

* Educational Background: BS/MS/PhD. in Computer Science, Statistics, Mathematics, or a related field.
* Experience: 4\+ years of experience in advanced Machine Learning, with a strong preference for experience in Computer Vision and Image Processing.
* Technical Proficiency: Must be proficient in Python and have experience with ML frameworks like TensorFlow, PyTorch, and ONNX.
* Problem\-Solving \& Insights: You're exceptional at asking the right questions that lead to actionable business insights, and you possess an aptitude for critically evaluating data outcomes, uncovering key insights, and challenging assumptions.
* Tooling Familiarity: Experience with managing data science and computer vision toolkits such as JupyterHub, CVAT, and OpenCV is a plus.
* Fundamental Understanding: A solid understanding of machine learning techniques and algorithms.
* Communication Skills: Ability to communicate complex quantitative analysis in a clear, precise, and actionable manner, coupled with great overall communication skills.
* Tech Adaptability: A keen interest and proven ability to leverage new technologies to enhance work quality and productivity.


**What We Offer**
 Join our vibrant team and enjoy:
   

  

* Competitive compensation, including 13th\-month salary and performance bonuses.
* Comprehensive health care coverage for you and your dependents.
* Generous leave policies and flexible work hours.
* Convenient District 1 office location (next to a future metro station).
* Onsite lunch with multiple options.
* Grab for work allowance and fully equipped workstations.
* Fun team\-building activities, sponsored sports clubs, and Thursday happy hours.
* Unlimited free coffee, tea, snacks, and fruit.
* A chance to make a profound social impact by helping to democratize credit access in emerging markets.


**Your Growth Journey at Trusting Social**
 At Trusting Social, we're invested in your professional development. You'll have the opportunity to:
   

  

* Learn from seasoned experts with over 15 years of industry experience.
* Accelerate your technical development and build a robust career in data science.
* Tackle a diverse range of cutting\-edge AI problems, including detection, classification, regression, OCR, LLM, anomaly detection, NLP, and generative models.
* Gain hands\-on experience across the full AI development lifecycle, from problem clarification and solution design to deployment, monitoring, and analysis of AI systems in production.
* Develop features for high\-impact digital identity verification products, including fraud prevention and anti\-money laundering solutions.
* Gain international exposure by learning from production deployments across diverse markets like Vietnam, the Philippines, India, and Indonesia.
* Collaborate closely with cross\-functional teams (product, infrastructure, engineering) to broaden your domain knowledge and enhance vital soft skills like communication, negotiation, and cross\-team collaboration.


 At Trusting Social, we live by ownership, integrity, and agility in execution. We believe in doing what's right, what's best, and what's innovative. If you're smart, driven, and want to make a difference in the world with the most advanced and fascinating technology, come join our team. We offer the runway to truly make an impact.
   

  

 For more information about us and a look at our office and people, please visit:
   

  

 https://www.youtube.com/watch?v\=inAEDGvOcL8\&t\=29s",https://media.licdn.com/dms/image/v2/C560BAQEJXrhUE2rtgg/company-logo_100_100/company-logo_100_100/0/1630659566262/trusting_social_logo?e=2147483647&v=beta&t=Kpo50NF6SzsEJjA3LmD-oBpuODZnuG89jg5dVzqXxjc,,,,,,,,,
[Fresher] Kỹ Sư Cầu Nối,,https://www.linkedin.com/jobs/view/4324828723,SanAn Corporation Vietnam,,https://vn.linkedin.com/company/sanan-corporation,,,,,,,,,,,,,,,,,IT Services and IT Consulting,,,LinkedIn,li-4324828723,linkedin,,"Thanh Hoa, Vietnam",2025-11-28,fulltime,,,,,,False,internship,Education and Training,,,"**Mô tả công việc:** 




 Với định hướng đào tạo các bạn có năng lực tiếng Nhật sẻ trở thành kỹ sư trong tương tai, SSV đang cần 2 bạn Fresher có chứng chỉ tiếng Nhật (N2\-N1\) sẽ được đào tạo trở thành BRSE hoặc COBOL Developer Tiếng Nhật trong tương lai với các nhiệm vụ:
 



  




* Tham gia và hoàn thành khóa training ngôn ngữ lập trình cobol của công ty (Thời gian 3 tháng)
* Tham gia/ học hỏi kinh nghiệm từ các dự án thực tế của công ty



  





**Yêu cầu:** 



* Đã đỗ kỳ thi năng lực tiếng Nhật JLPT(N2\~N1\)
* Có tư duy logic tốtTi
* Giao tiếp tương đương ít nhất level N2
* Có tinh thần ham học hỏi, tích cực và chủ động trong công việc
* Có khả năng làm việc độc lập và làm việc nhóm tốt
* Có đam mê, ưa thích môi trường CNTT
* Ưu tiên các ứng viên đã từng học tập và sinh sống tại Nhật
* Ưu tiên các ứng viên có thể làm việc lâu dài ở Thanh Hóa



  





**Quyền lợi:** 



* Tham gia thử việc trong thời hạn 03 (ba) tháng, bao gồm 02 giai đoạn như sau:



**Giai đoạn 1 (Tháng thứ nhất):** 



* Ứng viên thử việc với vị trí Lập trình viên (Developer – ngôn ngữ Cobol) nhằm làm quen với dự án, công nghệ và môi trường làm việc.



**Giai đoạn 2 (Tháng thứ hai và thứ ba):** 



* Ứng viên tiếp tục thử việc với vị trí Kỹ sư cầu nối (BrSE) để đánh giá năng lực chuyên môn, khả năng giao tiếp tiếng Nhật và kỹ năng quản lý dự án.



  




* Đ
 **ược hưởng mức lương thử việc trong khoảng từ 6\.000\.000 VNĐ đến 15\.000\.000 VNĐ/tháng. Sau 3 tháng trở thành nhân viên chính thức (Lương thỏa thuận)**
* Được đào tạo từ đầu về ngôn ngữ COBOL, quy trình phát triển phần mềm và được tiếp xúc với nghiệp vụ hệ thống chuyên ngành (Ví Dụ : ngân hàng, bảo hiểm, tài chính,... )Môi trường làm
* Môi trường làm việc công ty startup trẻ trung, vui vẻ, hòa đồng, thân thiện, chuyên nghiệp, được tiếp cận và làm việc với các công nghệ mới, năng động và lộ trình thăng tiến rõ ràng.
* Hưởng đầy đủ chế độ: BHYT, BHXH, BHTN…
* Được tham gia chế độ Bảo hiểm sức khỏe PVI khi trở thành nhân viên chính thức;
* Được tham gia các hoạt động văn hóa đoàn thể trong năm: Nghỉ mát, teambuilding, thể thao…
* Hưởng các chương trình phúc lợi nội bộ: Khám sức khỏe định kỳ, nghỉ 12 ngày/năm, thêm 1 ngày phép vào ngày sinh nhật của nhân viên và 2 Recharge days, Retreat days 6 ngày/năm đối với nhân viên nữ.
* Review tăng lương và thưởng 2 lần/năm (tăng lương theo thâm niên và thành tích)
* Thưởng Tết bao gồm: tháng lương thứ 13 \+ thưởng theo doanh số (dựa theo tình hình kinh doanh của công ty theo từng năm)
* Tham gia các buổi seminar chia sẻ về kỹ năng \& kiến thức từ các thành viên trong công ty và các developer nhiều năm kinh nghiệm.
* Cơ hội phát triển lên các vị trí key member, leader trong một môi trường công ty tăng trưởng nhanh.
* Thời gian làm việc Core time linh hoạt về thời gian, cho phép bạn tự quản lý lịch trình của mình;",https://media.licdn.com/dms/image/v2/D560BAQFpLC-8E_v0IA/company-logo_100_100/company-logo_100_100/0/1719452920245/sanan_corporation_logo?e=2147483647&v=beta&t=8gGhGMMO_jkCs0MHxpLiKMKU_4vEhJf_CQK_zIjwkGk,,,,,,,,,
Manual Tester,,https://www.linkedin.com/jobs/view/4324698040,VMO,,https://vn.linkedin.com/company/vmogroup,,,,,,,,,,,,,,,,,Information Technology & Services,,,LinkedIn,li-4324698040,linkedin,,,2025-11-28,fulltime,,,,,,False,mid-senior level,Engineering and Information Technology,,ngoccb1@vmogroup.com,"**JOB DUTIES** 



* Execute manual test cases for Web and Mobile applications.
* Perform functional, regression, system, and integration testing.
* Conduct database testing using SQL/MySQL.
* Perform API testing using industry\-standard tools.
* Collaborate with developers, product owners, and stakeholders to clarify requirements and report defects.
* Document test cases, results, and test plans clearly and efficiently.
* Participate in client\-facing discussions when needed.
* Support performance testing activities when required.



  





**JOB REQUIREMENTS** 



* 4\+ years of experience in Manual Testing.
* Strong experience with database testing (SQL, MySQL).
* Hands\-on experience testing Web and Mobile applications.
* Experience in API testing.
* Excellent written and verbal communication skills; comfortable in client\-facing situations.
* Strong analytical thinking and problem\-solving abilities.
* Experience using Zephyr Scale or similar test management tools is a plus.
* Experience with performance testing tools (K6, JMeter) is a plus.
* Basic understanding of at least one programming language (JavaScript, Go, Python, or Java) is an advantage.



*Preferred Attributes* 



* Detail\-oriented, proactive, and organized.
* Ability to work both independently and within a team.



  





**BENEFITS** 




*OPPORTUNITIES AND CHALLENGES:* 



* Opportunity to work in a professional, modern and energizing setting.
* Challenging projects, possibilities, cutting\-edge technology, and problems.
* An open and dynamic working atmosphere that promotes the interchange of ideas, while also empowering you to work and create in your own style. Each employee's talent and accomplishments are valued, and outstanding employees are recognized and rewarded on a yearly basis.
* Opportunities for capacity development, as well as assistance with professional certification expenses, are available to those who work in the field (1 million \- 5 million).
* Some advanced certifications will cover the full cost of studying and taking the exam.



*ATTRACTIVE REWARDING POLICY AND WORK\-LIFE BALANCE:* 



* Review salary 1\-2 times/year, with the possibility of an unexpected salary rise based on capacity an infinite number of times per year
* Policy for 13th\-Month Salary Bonus and Holiday Bonuses According to Company Regulations.
* Holiday travel mode (package 5\-7 million/person), team building,...
* Full participation in social insurance, as well as a yearly health checkup at a reputable hospital.
* Comprehensive visit policy for personnel and relatives: birthday, marriage, childbirth, illness, etc.
* The football club, cycling car, badminton,... are just a few of the sports and cultural activities available.
* Allowance for classes and training awards: Learning Star of the Month,
* A chance to be the face of the year's study, the royalties...



  





 Email: ngoccb1@vmogroup.com",https://media.licdn.com/dms/image/v2/D560BAQHEIJUU412k4A/company-logo_100_100/B56ZZ7akjHHgAQ-/0/1745827285988/vmogroup_logo?e=2147483647&v=beta&t=XlFYwMfjK2tVPjJlnWftgPUb2P2uWHOCBs2LV5SdSQE,,,,,,,,,
Manual Tester (Junior-Middle Level),,https://www.linkedin.com/jobs/view/4324678747,Viettel Software,,https://vn.linkedin.com/company/viettel-software,,,,,,,,,,,,,,,,,IT Services and IT Consulting,,,LinkedIn,li-4324678747,linkedin,,,2025-11-28,fulltime,,,,,,False,entry level,Engineering and Information Technology,,anhdp7@viettelsoftware.com,"**RECRUITMENT INFORMATION** 




  





**Position:** 
 Manual Tester
 



**Number of vacancies:** 
 03
 



**Work location:** 
 36A Dich Vong Hau, Cau Giay, Hanoi
 



  





  





**JOB DESCRIPTION** 



* Participate in software development projects.
* Coordinate with the product development team to understand and clarify customer requirements.
* Read and understand documents related to software development projects.
* Build test plans, test cases, test procedures, and test data for projects.
* Set up the testing environment, use software testing tools, perform testing, and manage defects to ensure project effectiveness.
* Control quality to ensure the system/product is delivered according to design.
* Contribute to project documentation such as user guides and video tutorials.



  





**JOB REQUIREMENTS** 



* At least 2 years of experience in testing technology\-related projects across different domains.
* General understanding of IT systems and IT services.
* Preference for candidates with experience in API testing and database testing.
* Solid understanding of the software development process (experience with Agile/Scrum is an advantage).
* Knowledge of testing techniques and different types of testing. Ability to organize and coordinate testing activities and proficiency in at least one testing tool such as Redmine, Jira, etc.
* Careful, meticulous, responsible, with good logical thinking ability. Able to work independently and in teams.
* Preference for candidates with practical software testing experience or certifications such as ISTQB, CAST, CETPA.



  





**BENEFITS** 




**1\. Salary \& Compensation** 



* Attractive income negotiated based on experience and capability.
* Benefits include lunch allowance, phone allowance, company trips, holiday bonuses, and special Viettel\-only events such as Innovation Day (June 1\), December 22, New Year gifts, and Tet gifts for employees’ families.
* *Happy Time:* 
 15\-minute breaks every afternoon during the week.



**2\. Working Environment** 



* Work within a global corporation that pioneers in the mission of building a digital society.
* Open, youthful, dynamic, appreciative, and supportive environment where every idea is valued.
* Green, open, and modern workspace.



**3\. Personal Development Opportunities** 



* Opportunities to explore and work with the most advanced and modern technologies.
* Experience challenging and high\-impact projects both domestically and internationally.
* Freedom to innovate and express creativity.
* Learn from top experts, leaders, and excellent colleagues.
* Opportunities for continuous training to improve skills and professional development.



  





**APPLICATION** 




 Please send your CV to:
 


* **Email:** 
 anhdp7@viettelsoftware.com
* **Contact person:** 
 Do Phuong Anh
* **Phone:** 
 0325665987",https://media.licdn.com/dms/image/v2/D4E0BAQHTsY1nfl3r_Q/company-logo_100_100/company-logo_100_100/0/1698380723819?e=2147483647&v=beta&t=JwHfvY_YFFtTykA-R08PrmSJQooVGxtax3wDdViOes0,,,,,,,,,
Business Analyst,,https://www.linkedin.com/jobs/view/4324579486,Vui App by Nano Technologies,,https://vn.linkedin.com/company/vuiapp,,,,,,,,,,,,,,,,,Software Development,,,LinkedIn,li-4324579486,linkedin,,,2025-11-28,fulltime,,,,,,False,entry level,"Research, Analyst, and Information Technology",,,"We’re looking for a proactive BA who understands product, enjoys solving real problems, and helps the team build the right things — with clarity, focus, and impact.
 



**🌟 What you will do** 




**Clarify problems \& uncover real needs** 



* Identify root causes, not just surface\-level requests
* Break down requirements and extract the true objectives
* Ask critical questions and eliminate “just because” requests
* Propose solutions based on value, feasibility, and user impact



**Connect information \& coordinate stakeholders** 



* Act as the bridge between Ops – CSM/AM – Tech – Product
* Communicate clearly and concisely
* Facilitate meetings, assign action items, and follow through



**Support product development process** 



* Manage backlog and run refinement with PM/PO
* Remove blockers and ensure progress in Agile/Scrum
* Track development and ensure alignment across teams



**Observe usrs \& optimize the product** 



* Monitor feedback and detect anomalies
* Propose small improvements that create large impact using data, insights, and real operational feedback
* Work closely with CS/Ops to understand user behavior and operational risks



**🌟 You might be a great fit if you** 



* Always ask “why?” before building anything
* Prefer solving problems over writing lengthy documents
* Are curious about fintech products and how they work in real life
* Aim to grow into a Product Owner/Manager role



**🌟 What we’re looking for** 



* 2–3 years of experience as a BA or Product Owner
* Strong analytical mindset, able to see through the noise
* Solid skills in process mapping, use cases, and business rules
* Clear communication and ability to handle differing viewpoints
* **Mandatory:** 
 Product mindset \+ problem\-solving mindset



**Nice\-to\-have:** 



* Experience in fintech/consumer finance or complex operational flows
* SQL/API/data model knowledge



**💼 Here’s what we offer** 



* **Competitive salary** 
 based on experience, plus
 **performance\-based bonuses**
* Opportunity to join the
 **high\-growth stage** 
 of a leading fintech startup
* A
 **dynamic, empowered, and innovative** 
 working environment with strong team spirit
* Opportunities to join
 **company sports teams, cultural activities, and creative projects**
* **Benefits** 
 according to Vietnam’s Labor Law and
 **internal company policies**",https://media.licdn.com/dms/image/v2/D560BAQGKsWgIXUsDEA/company-logo_100_100/company-logo_100_100/0/1725609168830/vuiapp_logo?e=2147483647&v=beta&t=DEvnsGRj8zrnnWAKrytfp1Kx5qkX-mAG841qdoVPudE,,,,,,,,,
Mechatronics junior,,https://www.linkedin.com/jobs/view/4324867596,EyeQ Tech,,https://vn.linkedin.com/company/eyeq.tech,,,,,,,,,,,,,,,,,Software Development,,,LinkedIn,li-4324867596,linkedin,,"Ho Chi Minh City, Vietnam",2025-11-28,fulltime,,,,,,False,internship,Engineering and Information Technology,,recruit@eyeq.tech,"𝐀𝐛𝐨𝐮𝐭 𝐔𝐬
 



* We are the leading computer vision company in Vietnam, known for innovative solutions and recognized through numerous prestigious awards:
* SK Accelerator 2020: Grand Prize Winner
* Visa Everywhere Initiative 2018: Champion
* Our unique culture encourages creativity, exploration, and personal growth. Learn more about our philosophy here:
 
 EyeQ Career Page
 
 .
* Recently we stepped into exciting fields that can be billions of dollars, aquaculture and agriculture. Look at what we’re building:
 
 https://youtu.be/watch?v\=yBiQp9BXsFA



  






 𝐀𝐛𝐨𝐮𝐭 𝐭𝐡𝐞 𝐑𝐨𝐥𝐞
 





 We are looking for a Mechatronics Junior to join the development of groundbreaking Robotic Vertical Farm systems. This is an opportunity to spearhead a cutting\-edge project that combines computer vision and advanced mechatronics, and make an impact on thousands of farmers’ lives.
 





 As a member of our team, you’ll be expected to design, implement automation systems. 
 




  






 𝐊𝐞𝐲 𝐑𝐞𝐬𝐩𝐨𝐧𝐬𝐢𝐛𝐢𝐥𝐢𝐭𝐢𝐞𝐬:
 



* Program microcontrollers (ESP, Arduino, .etc) to control the automation part of the farm. Sometimes it’s hands\-on (electronic wiring) work before transferring to the handy\-man team.
* Conduct system testing, debugging, and iterative improvements.
* Document designs, processes, and project updates for internal and external stakeholders.
* (Optional): Collaborate with the Computer Vision and Software teams to ensure seamless hardware\-software integration.



  






 𝐑𝐞𝐪𝐮𝐢𝐫𝐞𝐦𝐞𝐧𝐭𝐬:
 





 𝐌𝐮𝐬𝐭\-𝐡𝐚𝐯𝐞 𝐒𝐤𝐢𝐥𝐥𝐬:
 



* Strong problem\-solving mindset with an eye for details.
* Extensive experience with electronic components, sensors, and actuators used in smart systems.
* 3D design skill (using Solidworks or similar software)
* Strong microcontroller programming skills for ESP32 and STM32\.
* Knowledge of modern tools like MQTT, Socket.io, MongoDB, and Docker (or a willingness to learn).
* Track\-record of similar works, controlling smart farm, smart factories, .etc.



  






 𝐀𝐝𝐝𝐢𝐭𝐢𝐨𝐧𝐚𝐥 𝐒𝐤𝐢𝐥𝐥𝐬 (𝐚 𝐩𝐥𝐮𝐬):
 



* If you have any maker/scientific research prize during high school time, it’s a strong plus. Those include (but not limited to):
 

 Intel ISEF, National Science and Engineering Fair, .etc.
* If you blew up your room/house (and fixed it later), another plus.
* Basic experience with AI applications and computer vision systems.
* Understanding of system optimization and debugging for hardware\-software integration.
* Mechanical design thinking.



  






 𝐏𝐞𝐫𝐬𝐨𝐧𝐚𝐥 𝐀𝐭𝐭𝐫𝐢𝐛𝐮𝐭𝐞𝐬:
 



* Good communication skills
* A collaborative mindset with team success as top priority
* A strong desire to be outstanding and proud of your work.



  






 𝐁𝐞𝐧𝐞𝐟𝐢𝐭𝐬:
 



* Salary range: 12 \- 15 million VND/month, or you propose a number that can be justified by the value you create.
* Potential bonuses for outstanding achievement.
* Stock options (we’re a VC\-backed company).
* Access to free gym and swimming pool facilities.
* Flexible working hours with a results\-driven culture—no micromanagement.
* Regular team\-building activities and a collaborative work environment.
* Opportunity to work on a large\-scale product with significant impact.



  





**How to apply:** 





 Send your CV to
 
 recruit@eyeq.tech",https://media.licdn.com/dms/image/v2/C4D0BAQE6ZT8OWd7j5g/company-logo_100_100/company-logo_100_100/0/1631349932102?e=2147483647&v=beta&t=C0RgrDSaTn2VDPqAzWBySdigw51uzR_0mHs4SX2RWvg,,,,,,,,,
Intern QA Engineer - Da Nang,,https://www.linkedin.com/jobs/view/4181992159,AvePoint,,https://www.linkedin.com/company/avepoint,,,,,,,,,,,,,,,,,Data Security Software Products,,,LinkedIn,li-4181992159,linkedin,,"Đà Nang, Da Nang City, Vietnam",2025-11-28,internship,,,,,,False,internship,Engineering and Information Technology,,,"**Job Description**
* 
* Participate in the requirements discovery, testing of the software product.
* Using Waterfall model and Agile model in projects.
* Build and execute test cases.
* Use testing techniques such as black box testing, functional testing and regression testing
* Help the Senior QA Engineer with performance testing and security testing to ensure stable software products


**Requirements**
* 
* Senior college or university student.
* Able to work full\-time.
* Careful, good logical thinking, passionate about experimenting.
* Have a sense of responsibility, persistence.
* Able to work under pressure, hardworking, proactive, and responsible.
* Good communication skill.
* Proficiency in English is required, including speaking, listening, reading, and writing.
* Having certification in testing courses is an advantage.
* Major in computer science or IT or equivalent is an advantage


 Work Location
   

  

 2F Vinh Trung Plaza, No. 255\-257 Hung Vuong, Vinh Trung, Thanh Khe, Da Nang
   

  

**Benefits**
* 
* 5\-day workweek
* Young \& vibrant working environment with great career development opportunities
* Performance review and bonus
* Regular team building events \& internal activities (weekly happy hour, quarterly team building events, Lunar New Year parties, etc.)


 Any personal data you share with us during the application process will be processed strictly in compliance with applicable data protection laws and our Privacy Notice.",https://media.licdn.com/dms/image/v2/C4D0BAQFb4VxM4FZCcg/company-logo_100_100/company-logo_100_100/0/1631309507529?e=2147483647&v=beta&t=439BbPXbMG_wzTc4uRoHutgOd-ASGv_5tszCogdb-6U,,,,,,,,,
Middle_Senior Backend Developer,,https://www.linkedin.com/jobs/view/4324688487,GON TECH,,https://vn.linkedin.com/company/gon-tech,,,,,,,,,,,,,,,,,"Software Development, IT System Operations and Maintenance, and IT System Custom Software Development",,,LinkedIn,li-4324688487,linkedin,,"Quận Bình Thạnh, Ho Chi Minh City, Vietnam",2025-11-28,fulltime,,,,,,False,mid-senior level,"Engineering, Information Technology, and Finance",,,"**🔹 Job Summary** 




 We are looking for skilled backend engineers who thrive on building systems that are not only functional, but also resilient, scalable, and maintainable under real\-world pressure.
 



 You will be part of the backend platform team, designing and building systems that handle tens/hundreds of thousands of daily transactions, support real\-time data pipelines, and scale effortlessly with business growth.
 



  





**🔹 Key Responsibilities** 



* Design and develop robust backend services that deliver high performance, fault tolerance, and scalability.
* 
* Build and maintain well\-structured RESTful or gRPC APIs to support mobile and web applications.
* 
* Architect and optimize database systems — from relational (PostgreSQL, MySQL) to NoSQL, time\-series, and distributed storage.
* 
* Deploy and monitor production systems using modern DevOps practices (Docker, Kubernetes, CI/CD).
* 
* Analyze and improve system performance to handle growing user traffic and data volumes.
* 
* Evaluate and integrate new technologies to modernize our platform and enhance performance.
* 
* Collaborate with team members to solve complex technical challenges, proactively contributing ideas and improvements.


- 


  





**🔹 Requirements** 




**Education** 



* Bachelor’s degree in Computer Science, Software Engineering, or related field.


- 


**Experience** 



* Senior: 5\+ years in backend development.
* 
* Middle: 2\+ years of hands\-on backend development experience.


- 


**Technical Skills** 



* Proficient in Java Spring Boot or .NET Core, with solid understanding of microservices architecture.
* 
* Deep understanding of backend fundamentals: RESTful APIs, gRPC, event\-driven architecture, DDD, CQRS (a plus).
* 
* Strong database experience:
* 
* SQL/NoSQL: MySQL, PostgreSQL, Redis, ScyllaDB, ClickHouse, ElasticSearch.
* 
* Messaging systems: Kafka, RabbitMQ (or similar).
* 
* Familiar with Docker, Kubernetes for containerization and orchestration.
* 
* Experience with CI/CD, Git, and cloud platforms (AWS, GCP).
* 
* Solid understanding of application security, OOP, multithreading, and unit testing (JUnit/Mockito).


- 


**Nice to Have** 



* Experience building or maintaining scalable, distributed, real\-time processing systems.
* 
* Leadership or mentoring experience.


- 


**Mindset** 



* Proactive, problem\-solving attitude — you don’t just follow tickets, you question them.
* 
* Able to work independently and communicate clearly in a cross\-functional team.
* 
* Passionate about clean code, system performance, and long\-term maintainability.


- 


  





**🔹 Benefits** 



* **100% salary during probation** 
 .
* 
* Attractive salary package, including
 **13th\-month bonus** 
 .
* 
* Provided with
 **MacBook \& iPhone 16e** 
 .
* 
* Premium healthcare package.
* 
* Monthly
 **Happy Hour** 
 \& annual company trips.
* 
* Opportunity to improve
 **English skills** 
 with international clients.
* 
* Exposure to
 **new tech stacks** 
 for business growth.
* 
* Flexible working hours \& attractive annual leave policy.


-",https://media.licdn.com/dms/image/v2/D560BAQG3zn9Ec_JfZg/company-logo_100_100/B56ZnNcfv7JwAQ-/0/1760088423880?e=2147483647&v=beta&t=D3OG9lRoczfPVmdRNZOAevgmsDMLnKrOn3cVnAXFVM0,,,,,,,,,
ServiceNow Developer,,https://www.linkedin.com/jobs/view/4308172012,DXC Technology Vietnam,,https://vn.linkedin.com/company/dxc-technology-vietnam,,,,,,,,,,,,,,,,,IT Services and IT Consulting,,,LinkedIn,li-4308172012,linkedin,,"Ho Chi Minh City, Vietnam",2025-11-28,fulltime,,,,,,False,mid-senior level,Information Technology,,,"We are seeking a talented and experienced
 **ServiceNow Developer** 
 to join our team. The
 **ServiceNow Developer** 
 will be responsible for designing, developing, and maintaining ServiceNow applications and workflows to streamline and automate business processes within our organization.
 



  





 If you are a skilled ServiceNow Developer with a passion for automation and process improvement, we encourage you to apply for this exciting opportunity.
 **Sign\-on Bonus** 
 will also be applied to this opportunity.
 



  





**Responsibilities** 



* **Application Development:** 
 Design, develop, and implement custom ServiceNow applications and solutions to meet business requirements, including creating workflows, forms, scripts, and integrations.
* **Customization and Configuration:** 
 Customize and configure ServiceNow instances, including setting up roles, access controls, data sources, and system properties to align with organizational needs.
* **Integration:** 
 Develop and maintain integrations between ServiceNow and other systems, such as databases, web services, and third\-party applications, to enable data exchange and process automation.
* **Scripting and Automation:** 
 Write and maintain scripts using ServiceNow's scripting languages (e.g., JavaScript, Glide Record, and ACLs) to automate processes, enhance functionality, and improve system performance.
* **Testing and Deployment:** 
 Perform thorough testing, including unit testing, integration testing, and user acceptance testing, to ensure the quality and reliability of developed solutions. Coordinate and execute deployment activities.
* **Documentation:** 
 Document ServiceNow applications, configurations, and processes to ensure proper knowledge transfer and maintenance.
* **Troubleshooting and Support:** 
 Investigate and resolve issues, bugs, and performance bottlenecks in ServiceNow applications and instances, providing timely support to end\-users.
* **Continuous Improvement:** 
 Stay up\-to\-date with ServiceNow best practices, new features, and industry trends, and contribute to the continuous improvement of ServiceNow implementations and processes.



  





**Qualifications** 




 Bachelor's degree in Computer Science, Information Technology, or a related field, or equivalent experience.
 



 More than 1 year of hands\-on experience in ServiceNow development and administration.
 



 Technical Skills:
 


* Proficient in ServiceNow development, including scripting (JavaScript, Glide Record, ACLs), workflow design, and application development.
* Experience with ServiceNow integrations, web services, and data sources.
* Knowledge of ITIL processes and best practices.
* Familiarity with agile development methodologies and DevOps practices.
* Proficiency in SQL and database management systems.
* ServiceNow certifications (e.g., Certified System Administrator, Certified Application Developer) are preferred.
* Strong problem\-solving and analytical skills to identify and resolve complex technical issues.
* Excellent written and verbal communication skills to effectively collaborate with cross\-functional teams and stakeholders.
* Meticulous attention to detail to ensure high\-quality deliverables and adherence to best practices.



  





**Benefit** 



* Competitive Salary
* Social Insurance in full gross Salary
* **Sign\-on Bonus**
* 18 day leaves per year \+ 1 Volunteer Leave
* 13th month salary
* Premium Healthcare Insurance package (1\+1\)
* English Incentive, Wedding Greeting, Newborn Greeting,…",https://media.licdn.com/dms/image/v2/C560BAQF4noJt0xibPg/company-logo_100_100/company-logo_100_100/0/1630647641935/dxc_technology_vietnam_logo?e=2147483647&v=beta&t=hDgx8iwSlyq1Fzw_6r2Xy95COaVbv3Txwd_Jn28D-1g,,,,,,,,,
"Associate, Commercial Operations",,https://www.linkedin.com/jobs/view/4324668165,Grab,,https://sg.linkedin.com/company/grabapp,,,,,,,,,,,,,,,,,"Technology, Information and Internet",,,LinkedIn,li-4324668165,linkedin,https://jobs.smartrecruiters.com/Grab/744000096063285-associate-commercial-operations?trid=2d92f286-613b-4daf-9dfa-6340ffbecf73&urlHash=wTa5,,2025-11-28,fulltime,,,,,,False,associate,Business Development,,,"**Company Description**
**About Grab and Our Workplace**
 Grab is Southeast Asia's leading superapp. From getting your favourite meals delivered to helping you manage your finances and getting around town hassle\-free, we've got your back with everything. In Grab, purpose gives us joy and habits build excellence, while harnessing the power of Technology and AI to deliver the mission of driving Southeast Asia forward by economically empowering everyone, with heart, hunger, honour, and humility.
   

  

**Job Description**
**Get to Know the Team**
 The GrabMart team focuses on providing a seamless grocery shopping experience through our platform. We ensure that users can easily access many products, from fresh produce to household essentials, all delivered right to their doorstep. We with local merchants to provide a diverse selection of products.
   

  

**Get to Know the Role**
* Ensure the seamless, efficient, and scalable operation of mass retailers
* Project management with all partners to smoothly run project/campaign and meet our goals
* Grow Grab Marketing Solutions among those retailers
* You will report to GrabMart Commercial Manager and work onsite at HCMC.


**The Critical Tasks You Will Perform**
**1\- Project management**
* Help plan and implement main growth activities to lead finding merchants including referral programs, product development projects…
* Collaborate with partners to define project timelines, milestones, and critical dependencies.
* Track performance data and provide relevant insights to improve growth levers.
* Promote change management and training to ensure adoption of new services and processes across organization
* Monitor indicators; track issues and ensure resolution.
* Hands\-on Field Trade activities around HCM


**2\- Longtail Mex management**
* Monitor daily operational indicators for the Longtail merchant (e.g., assortment listing, opening hours, active rate, order fulfillment rate) and identify causes for underperformance.
* Develop Standard Operating Procedures (SOPs) for main operational workflows, ensuring compliance and consistency across the longtail base.
* Develop and deliver Grab Marketing Solution packages to meet the characteristics and needs of mass retailers.
* Analyze sales data and market trends to identify opportunities for new business and revenue growth.


**Qualifications**
**What Essential Skills You Will Need**
* Experience: At least 2 years in business roles, with experience in retail landscape sides being advantageous. Understand about FMCG brand
* Experience working with 'Longtail' business models or a large base of small\-to\-medium enterprise (SME) partners.
* Data analyst: Experience writing complex macros for Excel
* Experience creating detailed demos that are tailored to customers' pain points and comfortable with operational tasks.
* Experience communicating product benefits appropriate for each prospect: Experience establishing communication and engagement with prospects in both Vietnamese and English, to work with diverse clients and partners.
* Willingness to be hands\-on and take ownership of multiple tasks or experiments.


**Additional Information**
**Life at Grab**
 We care about your well\-being at Grab, here are some of the global benefits we offer:
   

  

* We have your back with Term Life Insurance and comprehensive Medical Insurance.
* With GrabFlex, create a benefits package that suits your needs and aspirations.
* Celebrate moments that matter in life with loved ones through Parental and Birthday leave, and give back to your communities through Love\-all\-Serve\-all (LASA) volunteering leave
* We have a confidential Grabber Assistance Programme to guide and uplift you and your loved ones through life's challenges.
* Balancing personal commitments and life's demands are made easier with our FlexWork arrangements such as differentiated hours


**What We Stand For At Grab**
 We are committed to building an inclusive and equitable workplace that enables diverse Grabbers to grow and perform at their best. As an equal opportunity employer, we consider all candidates fairly and equally regardless of nationality, ethnicity, religion, age, gender identity, sexual orientation, family commitments, physical and mental impairments or disabilities, and other attributes that make them unique.",https://media.licdn.com/dms/image/v2/C510BAQGDlPEJILPXbw/company-logo_100_100/company-logo_100_100/0/1630575649647/grabapp_logo?e=2147483647&v=beta&t=TvYHYNrA_efi01q3rJbCDAKfqjgiVBaiMGrGwDem2rU,,,,,,,,,
Data Engineer (SQL/ Python),,https://www.linkedin.com/jobs/view/4324586120,Relia Software - Reliable Software Development Company,,https://vn.linkedin.com/company/relia-software,,,,,,,,,,,,,,,,,Information Technology & Services,,,LinkedIn,li-4324586120,linkedin,,"Ho Chi Minh City, Vietnam",2025-11-27,fulltime,,,,,,False,mid-senior level,Information Technology,,,"At
 **Relia** 
 , our team is passionate about using technology to make the everyday person’s life better. We’re looking for driven people who making it easy and convenient for everyone.
 



 Want to join an innovative team where you’ll constantly be inspired by your co\-workers and projects? Relia might be the perfect team for you! We admire and reward creativity and teamwork so check out some of our career opportunities to see if there is a fit for you at our vibrant company. We’d love to hear from you!
 


* Location: Nguyen Kiem Street, Phu Nhuan District, HCMC
* Office hour: Monday – Friday (9:00 AM – 6:00 PM)



  





**Key Responsibilities:** 



* Design, build, and operate batch and near–real\-time data pipelines across POS/ERP/WMS, e\-commerce, marketing, and external data sources.
* Implement orchestration (Airflow/Prefect/Dagster) with clear SLAs, monitoring, and robust incident handling.
* Own schema design and data modeling for core domains such as Products, SKUs, Inventory, Sales, Suppliers, and Warehouses.
* Develop and optimize the data warehouse (BigQuery/Snowflake/Redshift) and dbt models supporting forecasting, replenishment, and operational analytics.
* Establish strong data quality practices: validation, anomaly detection, lineage, dashboards, and debugging tools.
* Partner with DS/ML teams to deliver feature stores, training datasets, data versioning, and pipelines for model deployment.
* Implement security, governance, access control, and maintain clear documentation (data dictionaries, lineage, runbooks).



**Requirement:** 



* **4\+ years of experience as a Data Engineer.**
* **Strong SQL and solid Python skills (pandas/PySpark is a plus).**
* Hands\-on experience with modern data warehouses: BigQuery, Snowflake, or Redshift.
* Experience building production ETL/ELT pipelines using Airflow, Prefect, Dagster, dbt, or similar tools.
* Strong understanding of data modeling (star/snowflake schemas, SCD, event modeling).
* Experience with cloud platforms (GCP/AWS/Azure) and basic infra (Docker, CI/CD).
* Good English communication skills



**Benefits:** 



* Annual salary review
* Hybrid working
* 5\-days working week (Monday\-Friday) – working hours are between 9 am to 6 pm
* 12 days of annual leave
* Flat organization and open communication
* Friendly working environment and flexible working hours.
* Great opportunity to develop career, collaborate with English speaking developers
* Free parking at the building
* 13th salary, insurance.
* The company organizes Team building every year (Free tickets for 01 relative to accompany\-",https://media.licdn.com/dms/image/v2/C4E0BAQHRcd8MW8NoEQ/company-logo_100_100/company-logo_100_100/0/1631373100497?e=2147483647&v=beta&t=5jrCplr1Y0f4GQtpjwTSMU2sMdwY3AVTKY6tOgJVdw8,,,,,,,,,
Associate Support Analyst,,https://www.linkedin.com/jobs/view/4324656412,Confluence,,https://www.linkedin.com/company/confluence-technologies,,,,,,,,,,,,,,,,,Financial Services,,,LinkedIn,li-4324656412,linkedin,,"Ho Chi Minh City, Ho Chi Minh City, Vietnam",2025-11-27,fulltime,,,,,,False,entry level,Information Technology,,,"**Department:** 
 Client Experience
 



**Location:** 
 Ho Chi Minh City
   

  




**Description**
 Vietnam \- HCMC\- HYBRID
   

  

**Why Confluence?**
 At Confluence, we’ve always been driven by a commitment to innovation, precision, and partnership in the investment data space. Our global footprint now spans multiple countries, giving our employees the opportunity to get exposure to other countries and cultures. And it stands to reason that none of this would have been possible without the hundreds of hard\-working employees who work at Confluence.
   

  

**More about the role \& team**
 As a Support Analyst, you’ll be the friendly expert who helps clients through calls and emails, solving their problems and guiding them step\-by\-step to solutions. You’ll tackle challenges, escalate complex issues, and connect clients with the right resources when needed. 📞💡
   

  

 Your day\-to\-day will include keeping records organized, processing important documents, answering client questions, and keeping databases up to date. You’ll also prepare progress reports and work closely with managers to keep everything running smoothly. 🗂️📊
   

  

 As an Associate Support Analyst, you’ll:
   

  

* Apply best practices with guidance from experienced colleagues
* Execute tasks with attention to detail and a positive attitude
* Create basic insights and recommendations in your area of expertise
* Support your team and begin to lead tier\-one support efforts for straightforward issues


**What skills and experience do I need to succeed?**
 Are you passionate about solving problems and supporting clients? 🤝 Do you thrive in a collaborative environment and want to grow your career in consulting? 🌱 We’re looking for an enthusiastic Associate Support Analyst to join our dynamic team!
   

  

 💼 What You’ll Do:
 * 📞 Provide exceptional support to clients via calls and correspondence
* 🛠️ Troubleshoot issues and deliver step\-by\-step solutions
* ⏫ Escalate complex problems and refer clients to specialized services when needed
* 🗂️ Maintain accurate records, process documents, and update databases
* 📊 Prepare progress reports and coordinate with managers
* 🤝 Collaborate with team members and external partners to ensure deliverables are met
* 📝 Participate in solution design, configuration, testing, and documentation
* 🔍 Contribute to operational monitoring and process improvements
* 💬 Communicate professionally with stakeholders at all times
* ⏰ Enjoy flexible work hours to support 24/7 client coverage


 🏆 What You Bring:
 * 🎓 Bachelor’s degree in a relevant field
* 📅 Minimum 2 years of work experience
* 🧩 Strong problem\-solving, analytical, and critical thinking skills
* ⏳ Excellent time management and communication abilities
* 🫶 Client\-focused mindset and ability to work in a fast\-paced environment
* 🥇 Certifications such as CFA, CIPM, ITIL, or FRM are a plus!


 🌟 Why Join Us?
 * 🤗 Be part of a supportive, innovative team
* 📈 Opportunities for professional growth and development
* 💥 Make a real impact for our clients and business


 Ready to take the next step in your career?
   

**Apply now and help us deliver outstanding client support!** 
 ✨
   

  

  

**What do we offer?**
 Confluence offers generous benefit packages for team members. As a growing, global organization, we are always looking for ways to ensure that our employees can access benefits that matter to them and their families. This includes:
   

  

 🕚 Generous
 **Time Off** 
 packages including additional half days with each public holiday in your location.
   

 🌎
 **Global Career Development** 
 opportunities
   

 🎊
 **Social Events**
 💵
 **Referral Bonus scheme** 
 \- Upto $3,000 per successful referral
   

 🚀
 **Plus many more!**
**More about the Location**
 We offer flexible working options for all employees.
   

  

  

  

**Values**
 We look for people who align with our 4 values.
   

  

**Integrity**
 Face reality with honesty, courage and accountability
   

**Imagination**
 Deal creatively with challenges and envision what the world could be
   

**Discipline**
 Build good habits into reflexes which become a part of our life
   

**Service**
 Committed to the success of others
   

  

**If you would like to find out more about a Career at Confluence, please apply today.
   

  

 Pre\-Employment Screening Disclaimer**
 As part of our recruitment process, we carry out identity checks on all candidates. Offers of employment are conditional upon the completion of satisfactory background checks prior to the commencement of work. These checks may include verification of identity, right to work in the UK, employment history, and other relevant pre\-employment screening.
   

  

 Please note that additional checks may be required depending on the nature of the role and the jurisdiction in which the role is based or operates. These may include, but are not limited to, criminal record checks or financial background checks where applicable.",https://media.licdn.com/dms/image/v2/D560BAQGzsKwD4lc7vg/company-logo_100_100/company-logo_100_100/0/1728514105312/confluence_technologies_logo?e=2147483647&v=beta&t=hhXroY3VEwPXWkTrQrwXK1gfdqjSfXRCHXNBQRdhLew,,,,,,,,,
"BI Analyst (Supply Analytics, Bangkok-based, Relocation provided)",,https://www.linkedin.com/jobs/view/4334453887,Agoda,,https://sg.linkedin.com/company/agoda,,,,,,,,,,,,,,,,,"Technology, Information and Internet",,,LinkedIn,li-4334453887,linkedin,,"Ho Chi Minh City, Ho Chi Minh City, Vietnam",2025-11-27,fulltime,,,,,,True,mid-senior level,"Research, Analyst, and Information Technology",,,"**About Agoda**
 At Agoda, we bridge the world through travel. Our story began in 2005, when two lifelong friends and entrepreneurs, driven by their passion for travel, launched Agoda to make it easier for everyone to explore the world.
   

  

 Today, we are part of Booking Holdings \[NASDAQ: BKNG], with a diverse team of over 7,000 people from 90 countries, working together in offices around the globe. Every day, we connect people to destinations and experiences, with our great deals across our millions of hotels and holiday properties, flights, and experiences worldwide.
   

  

 No two days are the same at Agoda. Data and technology are at the heart of our culture, fueling our curiosity and innovation. If you’re ready to begin your best journey and help build travel for the world, join us.
   

  

**THIS ROLE IS BASED IN BANGKOK, THAILAND (WITH RELOCATION PROVIDED)
   

  

 Location: Bangkok, Thailand (\*Not open for remote work)**
**Get to Know our Team:**
 As part of the Supply Analytics, you will be responsible for identifying new partners and opportunities, cultivating a relationship with them, and working together with them to deliver the best outcome for our end customers. You would also be responsible with managing the day\-to\-day interaction with the partner and working closely with other teams within Agoda to ensure the partners needs are met.
   

  

 We design tailored business and product solutions with our partners and help them generate measurable value. Members of our team are empowered and supported to grow their market(s) or accounts. We develop win\-win relationships and leverage Agoda’s unique accommodations portfolio and tech solutions to bring our partners the advantages they seek. Utilizing our strong brand and resources, we build new channels to increase the visibility of Agoda, introduce more travelers to our great products and service and deliver significant revenues to the overall business.
   

  

**The Opportunity:**
 As a BI Analyst, you will report directly to either the Senior Manager or Associate Director within the Supply Department and this will be an individual contributor role. You will be responsible and fully empowered to work with the partners on the ground. You will be supported by a team within the Supply department and work closely with other Team members within Agoda.
   

  

**In this Role, you’ll get to** 
 :
   

  

* Translate internal briefs into analytical projects (to include refining the initial brief and asking the ‘right questions’, working through potential hypotheses and storyboarding the output)
* Use and analyze data from multiple large\-scale data warehouses and present statistically strong analysis to a wide range of business stakeholders.
* Proactively identify opportunities for growth within supply and the wider business.
* Drive new analytical initiatives and projects aimed at improving organizational efficiency and shaping Agoda supply.
* Identify, support, and lead projects aimed at scaling up the way the Supply organization leverages on data, insights, and intelligence.
* Automate manual operational processes and present back on time savings gained through modernization of business operations


**What you’ll Need to Succeed** 
 :
   

  

* At least 2\-5\+ years of experience working as an Analyst with experience in analytics/data science/insights/strategy/BI
* Advanced working knowledge and hands\-on experience in SQL
* Strong knowledge and hands\-on experience in data visualization tools such as Tableau (preferably)
* Expert domain of data analysis and data visualization tools and software such as Excel, Python (or R)
* Bachelor’s degree ideally in a business or quantitative subject (e.g. computer science, mathematics, engineering, science, economics or finance).
* A good understanding of statistical modelling knowledge or any machine learning technique knowledge (such as hypothesis testing, regression, logistic regression, random forest, etc.)
* Good stakeholder management experience. Comfortable presenting to senior leadership and C\-suite.
* Experience in conducting A/B testing experimentation
* Strong experience in finding data insights and provide business recommendation to the business
* A hacker’s mindset – the ability to build simple but clever and elegant solutions to new problems within significant resource, operational and time constraints through deep understanding of the business, creative problem solving, and a wide range of expertise in data, analytics, automation, programming, and prototyping.
* Excellent communicator with superior written, verbal, presentation and interpersonal communication skills.
* Data driven in both decision making and performance measurement.
* Extreme comfort in ambiguous, fast\-paced environment.
* Ability to multi\-task, prioritize and coordinate resources.


**It’s Great if you Have:**
* MBA or Masters in a quantitative subject (e.g. computer science, mathematics, engineering, science, economics or finance).
* Program management certifications (e.g. PMI, PRINCE2\) to compliment your program management experience.
* Asian market experience.
* Travel industry / e\-commerce / tech / consulting experience.


 \#sanfrancisco \#sanjose \#losangeles \#sandiego \#oakland \#denver \#miami \#orlando \#atlanta \#chicago \#boston \#detroit \#newyork \#portland \#philadelphia \#dallas \#houston \#austin \#seattle \#washdc \#tirana \#yerevan \#sydney \#melbourne \#perth \#vienna \#graz \#baku \#minsk \#brussels \#antwerp \#ghent \#charleroi \#saopaolo \#sofia \#toronto \#vancouver \#montreal \#shanghai \#beijing \#shenzhen \#zagreb \#cyprus \#prague \#Brno \#Ostrava \#copenhagen \#cairo \#alexandria \#giza \#estonia \#helsinki \#paris \#nice \#marseille \#rouen \#lyon \#toulouse \#tbilisi \#berlin \#munich \#hamburg \#stuttgart \#cologne \#frankfurt \#dusseldorf \#dortmund \#essen \#Bremen \#leipzig \#dresden \#hanover \#nuremberg \#athens \#hongkong \#budapest \#bangalore \#newdelhi \#jakarta \#bali \#bandung \#dublin \#telaviv \#milan \#rome \#naples \#turin \#palermo \#venice \#bologna \#florence \#tokyo \#osaka \#yokohama \#nagoya \#okinawa \#fukuoka \#sapporo \#amman \#irbid \#riga \#beirut \#tripoli \#vilnius \#luxembourg \#kualalumpur \#malta \#chisinau \#amsterdam \#oslo \#jerusalem \#manila \#warsaw \#krakow \#sintra \#porto \#braga \#cascais \#loures \#amadora \#almada \#doha \#alrayyan \#bucharest \#moscow \#saintpetersburg \#riyadh \#jeddah \#mecca \#medina \#belgrade \#singapore \#bratislava \#capetown \#johannesburg \#seoul \#barcelona \#madrid \#valencia \#seville \#bilbao \#malaga \#oviedo \#alicante \#laspalmas \#zaragozbanga \#stockholm \#zurich \#geneva \#basel \#taipei \#tainan \#taichung \#kaohsiung \#Phuket \#bangkok \#istanbul \#ankara \#izmir \#dubai \#abudhabi \#sharjah \#london \#manchester \#edinburgh \#kiev \#hcmc \#hanoi \#sanaa \#taiz \#aden \#gibraltar \#marrakech \#lodz \#wroclaw \#poznan \#Gdansk \#szczecin \#bydgoszcz \#lublin \#katowice \#rio \#salvador \#fortaleza \#brasilia \#belo \#belem \#manaus \#curitiba \#portoalegre \#saoluis
   

  

**Discover More About Working At Agoda**
* Agoda Careers https://careersatagoda.com
* Facebook https://www.facebook.com/agodacareers/
* LinkedIn https://www.linkedin.com/company/agoda
* YouTube https://www.youtube.com/agodalife


**Equal Opportunity Employer**
 At Agoda, we pride ourselves on being a company represented by people of all different backgrounds and orientations. We prioritize attracting diverse talent and cultivating an inclusive environment that encourages collaboration and innovation. Employment at Agoda is based solely on a person’s merit and qualifications. We are committed to providing equal employment opportunity regardless of sex, age, race, color, national origin, religion, marital status, pregnancy, sexual orientation, gender identity, disability, citizenship, veteran or military status, and other legally protected characteristics.
   

  

 We will keep your application on file so that we can consider you for future vacancies and you can always ask to have your details removed from the file. For more details please read our privacy policy.
   

  

**Disclaimer**
 We do not accept any terms or conditions, nor do we recognize any agency’s representation of a candidate, from unsolicited third\-party or agency submissions. If we receive unsolicited or speculative CVs, we reserve the right to contact and hire the candidate directly without any obligation to pay a recruitment fee.",https://media.licdn.com/dms/image/v2/D560BAQF4ydNm0C94QQ/company-logo_100_100/B56ZoqhrdiJoAQ-/0/1761650063828/agoda_logo?e=2147483647&v=beta&t=pxcmyD2wpE76qFeYvsiA69VTEfw84p0-iL5QGGnbTE8,,,,,,,,,
"BI Analyst (Supply Analytics, Bangkok-based, Relocation provided)",,https://www.linkedin.com/jobs/view/4334593283,Agoda,,https://sg.linkedin.com/company/agoda,,,,,,,,,,,,,,,,,"Technology, Information and Internet",,,LinkedIn,li-4334593283,linkedin,,"Hanoi, Hanoi, Vietnam",2025-11-27,fulltime,,,,,,True,mid-senior level,"Research, Analyst, and Information Technology",,,"**About Agoda**
 At Agoda, we bridge the world through travel. Our story began in 2005, when two lifelong friends and entrepreneurs, driven by their passion for travel, launched Agoda to make it easier for everyone to explore the world.
   

  

 Today, we are part of Booking Holdings \[NASDAQ: BKNG], with a diverse team of over 7,000 people from 90 countries, working together in offices around the globe. Every day, we connect people to destinations and experiences, with our great deals across our millions of hotels and holiday properties, flights, and experiences worldwide.
   

  

 No two days are the same at Agoda. Data and technology are at the heart of our culture, fueling our curiosity and innovation. If you’re ready to begin your best journey and help build travel for the world, join us.
   

  

**THIS ROLE IS BASED IN BANGKOK, THAILAND (WITH RELOCATION PROVIDED)
   

  

 Location: Bangkok, Thailand (\*Not open for remote work)**
**Get to Know our Team:**
 As part of the Supply Analytics, you will be responsible for identifying new partners and opportunities, cultivating a relationship with them, and working together with them to deliver the best outcome for our end customers. You would also be responsible with managing the day\-to\-day interaction with the partner and working closely with other teams within Agoda to ensure the partners needs are met.
   

  

 We design tailored business and product solutions with our partners and help them generate measurable value. Members of our team are empowered and supported to grow their market(s) or accounts. We develop win\-win relationships and leverage Agoda’s unique accommodations portfolio and tech solutions to bring our partners the advantages they seek. Utilizing our strong brand and resources, we build new channels to increase the visibility of Agoda, introduce more travelers to our great products and service and deliver significant revenues to the overall business.
   

  

**The Opportunity:**
 As a BI Analyst, you will report directly to either the Senior Manager or Associate Director within the Supply Department and this will be an individual contributor role. You will be responsible and fully empowered to work with the partners on the ground. You will be supported by a team within the Supply department and work closely with other Team members within Agoda.
   

  

**In this Role, you’ll get to** 
 :
   

  

* Translate internal briefs into analytical projects (to include refining the initial brief and asking the ‘right questions’, working through potential hypotheses and storyboarding the output)
* Use and analyze data from multiple large\-scale data warehouses and present statistically strong analysis to a wide range of business stakeholders.
* Proactively identify opportunities for growth within supply and the wider business.
* Drive new analytical initiatives and projects aimed at improving organizational efficiency and shaping Agoda supply.
* Identify, support, and lead projects aimed at scaling up the way the Supply organization leverages on data, insights, and intelligence.
* Automate manual operational processes and present back on time savings gained through modernization of business operations


**What you’ll Need to Succeed** 
 :
   

  

* At least 2\-5\+ years of experience working as an Analyst with experience in analytics/data science/insights/strategy/BI
* Advanced working knowledge and hands\-on experience in SQL
* Strong knowledge and hands\-on experience in data visualization tools such as Tableau (preferably)
* Expert domain of data analysis and data visualization tools and software such as Excel, Python (or R)
* Bachelor’s degree ideally in a business or quantitative subject (e.g. computer science, mathematics, engineering, science, economics or finance).
* A good understanding of statistical modelling knowledge or any machine learning technique knowledge (such as hypothesis testing, regression, logistic regression, random forest, etc.)
* Good stakeholder management experience. Comfortable presenting to senior leadership and C\-suite.
* Experience in conducting A/B testing experimentation
* Strong experience in finding data insights and provide business recommendation to the business
* A hacker’s mindset – the ability to build simple but clever and elegant solutions to new problems within significant resource, operational and time constraints through deep understanding of the business, creative problem solving, and a wide range of expertise in data, analytics, automation, programming, and prototyping.
* Excellent communicator with superior written, verbal, presentation and interpersonal communication skills.
* Data driven in both decision making and performance measurement.
* Extreme comfort in ambiguous, fast\-paced environment.
* Ability to multi\-task, prioritize and coordinate resources.


**It’s Great if you Have:**
* MBA or Masters in a quantitative subject (e.g. computer science, mathematics, engineering, science, economics or finance).
* Program management certifications (e.g. PMI, PRINCE2\) to compliment your program management experience.
* Asian market experience.
* Travel industry / e\-commerce / tech / consulting experience.


 \#sanfrancisco \#sanjose \#losangeles \#sandiego \#oakland \#denver \#miami \#orlando \#atlanta \#chicago \#boston \#detroit \#newyork \#portland \#philadelphia \#dallas \#houston \#austin \#seattle \#washdc \#tirana \#yerevan \#sydney \#melbourne \#perth \#vienna \#graz \#baku \#minsk \#brussels \#antwerp \#ghent \#charleroi \#saopaolo \#sofia \#toronto \#vancouver \#montreal \#shanghai \#beijing \#shenzhen \#zagreb \#cyprus \#prague \#Brno \#Ostrava \#copenhagen \#cairo \#alexandria \#giza \#estonia \#helsinki \#paris \#nice \#marseille \#rouen \#lyon \#toulouse \#tbilisi \#berlin \#munich \#hamburg \#stuttgart \#cologne \#frankfurt \#dusseldorf \#dortmund \#essen \#Bremen \#leipzig \#dresden \#hanover \#nuremberg \#athens \#hongkong \#budapest \#bangalore \#newdelhi \#jakarta \#bali \#bandung \#dublin \#telaviv \#milan \#rome \#naples \#turin \#palermo \#venice \#bologna \#florence \#tokyo \#osaka \#yokohama \#nagoya \#okinawa \#fukuoka \#sapporo \#amman \#irbid \#riga \#beirut \#tripoli \#vilnius \#luxembourg \#kualalumpur \#malta \#chisinau \#amsterdam \#oslo \#jerusalem \#manila \#warsaw \#krakow \#sintra \#porto \#braga \#cascais \#loures \#amadora \#almada \#doha \#alrayyan \#bucharest \#moscow \#saintpetersburg \#riyadh \#jeddah \#mecca \#medina \#belgrade \#singapore \#bratislava \#capetown \#johannesburg \#seoul \#barcelona \#madrid \#valencia \#seville \#bilbao \#malaga \#oviedo \#alicante \#laspalmas \#zaragozbanga \#stockholm \#zurich \#geneva \#basel \#taipei \#tainan \#taichung \#kaohsiung \#Phuket \#bangkok \#istanbul \#ankara \#izmir \#dubai \#abudhabi \#sharjah \#london \#manchester \#edinburgh \#kiev \#hcmc \#hanoi \#sanaa \#taiz \#aden \#gibraltar \#marrakech \#lodz \#wroclaw \#poznan \#Gdansk \#szczecin \#bydgoszcz \#lublin \#katowice \#rio \#salvador \#fortaleza \#brasilia \#belo \#belem \#manaus \#curitiba \#portoalegre \#saoluis
   

  

**Discover More About Working At Agoda**
* Agoda Careers https://careersatagoda.com
* Facebook https://www.facebook.com/agodacareers/
* LinkedIn https://www.linkedin.com/company/agoda
* YouTube https://www.youtube.com/agodalife


**Equal Opportunity Employer**
 At Agoda, we pride ourselves on being a company represented by people of all different backgrounds and orientations. We prioritize attracting diverse talent and cultivating an inclusive environment that encourages collaboration and innovation. Employment at Agoda is based solely on a person’s merit and qualifications. We are committed to providing equal employment opportunity regardless of sex, age, race, color, national origin, religion, marital status, pregnancy, sexual orientation, gender identity, disability, citizenship, veteran or military status, and other legally protected characteristics.
   

  

 We will keep your application on file so that we can consider you for future vacancies and you can always ask to have your details removed from the file. For more details please read our privacy policy.
   

  

**Disclaimer**
 We do not accept any terms or conditions, nor do we recognize any agency’s representation of a candidate, from unsolicited third\-party or agency submissions. If we receive unsolicited or speculative CVs, we reserve the right to contact and hire the candidate directly without any obligation to pay a recruitment fee.",https://media.licdn.com/dms/image/v2/D560BAQF4ydNm0C94QQ/company-logo_100_100/B56ZoqhrdiJoAQ-/0/1761650063828/agoda_logo?e=2147483647&v=beta&t=pxcmyD2wpE76qFeYvsiA69VTEfw84p0-iL5QGGnbTE8,,,,,,,,,
Junior Salesforce Developer,,https://www.linkedin.com/jobs/view/4257914350,AvePoint,,https://www.linkedin.com/company/avepoint,,,,,,,,,,,,,,,,,Data Security Software Products,,,LinkedIn,li-4257914350,linkedin,,"Đà Nang, Da Nang City, Vietnam",2025-11-27,fulltime,,,,,,False,entry level,Information Technology,,,"**Overview**
 We are looking for a Salesforce Developer to join our team and support government and enterprise customers in their digital transformation journey. You will be responsible for the customization, extension, and integration of Salesforce, delivering solutions tailored to customer\-specific requirements across Sales Cloud, Service Cloud, or other Salesforce modules.
   

  

 If you're passionate about solving real\-world problems through scalable Salesforce solutions and have strong hands\-on development skills, we’d love to hear from you.
   

  

 Key Responsibilities
   

  

* Work closely with customers, business analysts, and architects to understand requirements and translate them into technical designs
* Develop custom Salesforce components using Apex, LWC, Visualforce, SOQL, and Flow
* Customize standard and custom objects, workflows, approval processes, and validation rules
* Implement Salesforce integration with external systems via REST/SOAP APIs, middleware, or third\-party connectors
* Participate in technical planning, estimation, and code reviews
* Ensure solutions follow Salesforce best practices and comply with security and performance requirements
* Support data migration, sandbox deployment, and production rollout


**Requirements**
* Basic understanding and some hands\-on experience with Salesforce development.
* Familiarity with Apex, LWC, Flow Builder, and Salesforce DX.
* Exposure to Sales Cloud, Service Cloud, or other Salesforce modules.
* Good understanding of Salesforce platform architecture, security, and governor limits.
* Familiarity with or exposure to Salesforce integrations with external systems (REST/SOAP APIs, middleware)
* Familiarity with CI/CD tools for Salesforce (Gearset, Copado, Jenkins, etc.)
* Experience with Agile/Scrum methodologies
* Good communication skills and a collaborative mindset.
* A strong desire to learn and grow within the Salesforce ecosystem.


 Certifications
   

  

* Preferred: Salesforce Platform Developer I
* Nice to have: Platform Developer II, Sales Cloud Consultant, Service Cloud Consultant, JavaScript Developer I, Sharing \& Visibility Designer, Integration Architect
* Bonus: Application Architect, System Architect (part of CTA path), Admin or Advanced Admin


**Preferred Qualifications**
* Experience working with public sector clients or in regulated environments
* Prior experience in Salesforce Community Cloud / Experience Cloud
* Knowledge of Data Loader, SOQL, and deployment tools
* Background in JavaScript, HTML/CSS for LWC components
* Familiarity with Salesforce AppExchange packages


 Any personal data you share with us during the application process will be processed strictly in compliance with applicable data protection laws and our Privacy Notice.",https://media.licdn.com/dms/image/v2/C4D0BAQFb4VxM4FZCcg/company-logo_100_100/company-logo_100_100/0/1631309507529?e=2147483647&v=beta&t=439BbPXbMG_wzTc4uRoHutgOd-ASGv_5tszCogdb-6U,,,,,,,,,
Tech Lead (Web3),,https://www.linkedin.com/jobs/view/4277528647,Hyphen Connect,,https://www.linkedin.com/company/hyphen-connect,,,,,,,,,,,,,,,,,Staffing and Recruiting,,,LinkedIn,li-4277528647,linkedin,https://job-boards.greenhouse.io/hyphenconnect/jobs/4810149007&urlHash=EBWG,,2025-11-27,fulltime,,,,,,False,mid-senior level,Engineering and Information Technology,,,"We are hiring for one of our ecosystem projects at Asia's leading web3 venture studio. Our global team of researchers, engineers, designers, operators, and crypto veterans is \#BUIDLing the next digital economy. We are firm believers in the ethos and paradigm\-shifting potential of crypto. Our portfolio companies and advisory clients benefit from our long\-term, hands\-on approach, from concept to full\-fledged venture.
   

  

 We are seeking a passionate and skilled
 **Tech Lead** 
 to join our dynamic team. In this role, you will lead the technical vision, design, and development of innovative web3 projects, guiding a team of engineers to deliver scalable, secure, and high\-performance decentralized solutions that shape the future of the digital economy.
   

  

**In This Role, You Will**
* Lead Technical Strategy and Architecture: Define and drive the technical roadmap for web3 projects, designing scalable, secure, and high\-performance architectures for both frontend and backend systems. Oversee the integration of blockchain technologies, ensuring alignment with project goals and the company’s vision.
* Guide Development of Web Applications: Oversee the design and development of responsive, mobile\-friendly, and pixel\-perfect user interfaces using modern frameworks like React and TypeScript, as well as robust server\-side logic, APIs, and database integrations using Node.js and related technologies.
* Mentor and Lead Engineering Teams: Provide technical guidance and mentorship to a team of full stack and blockchain engineers, fostering a culture of collaboration, innovation, and excellence. Conduct code reviews to enforce coding standards, best practices, and style guidelines.
* Drive Blockchain Integration: Lead the implementation of blockchain\-based functionalities, including wallet connectivity, smart contract interactions, and transaction processing, using tools like Ethers.js, Hardhat, or similar. Collaborate with blockchain engineers to ensure secure, efficient, and seamless integrations.
* Optimize Performance and Scalability: Champion best practices for optimizing application performance, including code bundling, caching, lazy loading, and database query optimization, to deliver fast, reliable, and scalable user experiences.
* Ensure Quality and Reliability: Develop and oversee comprehensive testing strategies, including unit tests, integration tests, and end\-to\-end tests, to ensure the reliability and quality of both frontend and backend systems.
* Collaborate Across Teams: Work closely with product managers, designers, and stakeholders to translate business requirements into technical solutions. Communicate technical concepts effectively to non\-technical team members and align development efforts with project timelines and goals.
* Stay Ahead of Industry Trends: Keep abreast of emerging technologies, frameworks, and trends in web3, blockchain, and software development to ensure the team adopts cutting\-edge tools and practices.


**You Might Thrive In This Role If You Have**
* Educational Background: Bachelor’s or Master’s degree in Computer Science, Software Engineering, or a related field.
* Proven Technical Leadership: 8\+ years of experience in software development, with at least 2 years in a technical leadership or lead developer role, overseeing full stack or web3 projects. Expertise in React, TypeScript, and modern JavaScript frameworks; Node.js, Express, or similar frameworks; and RESTful API development with database management (e.g., MongoDB, PostgreSQL).
* Deep Blockchain Expertise: Strong understanding of blockchain concepts and hands\-on experience leading the integration of smart contracts and decentralized applications (dApps). Familiarity with tools like Ethers.js, Hardhat, or similar.
* Experience with Scalable Architectures: Proven ability to design and implement scalable, secure, and high\-performance architectures for web applications, with a focus on optimizing both frontend and backend systems.
* Leadership and Mentorship Skills: Demonstrated experience mentoring and leading engineering teams, fostering collaboration, and driving technical excellence. Ability to conduct effective code reviews and enforce best practices.
* Strong Problem\-Solving Skills: Proficiency in debugging, troubleshooting, and optimizing complex systems, with a focus on delivering high\-quality, secure, and scalable solutions.
* Excellent Communication: Exceptional communication and collaboration skills, with the ability to translate technical concepts to non\-technical stakeholders and work effectively in a fast\-paced, team\-oriented environment.
* Adaptability and Initiative: Self\-motivated, adaptable, and able to manage multiple priorities while guiding the team through changing project requirements and tight deadlines.",https://media.licdn.com/dms/image/v2/D560BAQGkEqO8eFR8LA/company-logo_100_100/B56ZdERklrGQAQ-/0/1749197147409/hyphen_connect_logo?e=2147483647&v=beta&t=tlEz1uO505dvIXZ5OIHxVbPy8J3j0RMgnmfirqkYIFw,,,,,,,,,
Senior Data Scientist - Credit Insight,,https://www.linkedin.com/jobs/view/4324885741,Trusting Social Career Page,,https://sg.linkedin.com/showcase/trusting-social/,,,,,,,,,,,,,,,,,Software Development,,,LinkedIn,li-4324885741,linkedin,https://trustingsocial.hire.trakstar.com/jobs/fk0z6k8?pjb_hash=Y7bAmjMPq4&urlHash=8V9j,"Ho Chi Minh City, Ho Chi Minh City, Vietnam",2025-11-27,fulltime,,,,,,False,mid-senior level,Engineering and Information Technology,,,"Trusting Social is an AI Fintech pioneer that's revolutionizing credit access in emerging markets. Our mission is ""Advancing AI to Meet the Financial Needs of Everyday Consumers with Empathy."" We've assessed over 1 billion consumers across four countries, and we're on a mission to provide 100 million credit lines using the power of AI and Big Data.
   

  

**How You'll Make An Impact**
 The Credit Insight team consists of highly skilled and passionate data scientists who are committed to staying current with the latest advancements in data science, machine learning, and artificial intelligence. Our team tackles a wide range of areas including credit scoring, fraudulent activity detection, profit optimization, and developing advanced technologies such as conversational AI. By analyzing extensive datasets that capture daily customer behavior, we continuously uncover unique and intriguing machine learning and business challenges. Our goal is to build robust machine learning models that enhance user experience and optimize the profitability of our financial products.
   

  

**What You'll Do**
* Train and Fine\-tune LLM Models: Develop and refine large language models to follow instructions, comprehend customer inquiries, and communicate naturally and effectively.
* Design and Develop LLM Agents: Create and tailor LLM agents to meet specific business needs and objectives.
* Build Evaluation Frameworks: Establish comprehensive evaluation frameworks to assess the performance and effectiveness of LLM agents.
* Feedback Collection and Model Improvement: Develop systems for collecting user feedback and iteratively improving model performance based on this feedback.
* Develop Other ML Models: Design and implement various types of machine learning models to address diverse business needs.
* Collaboration and Consultation: Work closely with peers, colleagues, and managers to resolve issues and achieve shared goals.
* Develop other ML models.


**What We're Looking For**
* Post Graduate degree (Masters or Ph.D.) in Quantitative field such as Statistics, Mathematics, Computer Science, Economics, or equivalent experience preferred
* From 6\+ years of professional working experience in applying applying statistical and ML solutions to business problems
* Strong proficiency in programming languages such as Python or R.
* Strong knowledge and hands\-on experience on machine learning, or statistics and experimentation
* Results oriented with strong analytical and problem solving skills
* Good business acumen with strong ability to solve business problems through data driven quantitative methodologies
* The ability to communicate results clearly to technical and non\-technical audiences
* Demonstrated ability to research and innovate solutions to solve business problems
* Experience in bank related products such as unsecured personal loans and credit card is preferred


**What We Offer**
 Join our vibrant team and enjoy:
   

  

* Opportunity to work and learn from one of the best and brightest technology teams in Vietnam
* Be part of a winning team with exponential growth regionally, experience recruiting world\-class talents
* Competitive compensation package, including 13th\-month salary and performance bonuses
* Comprehensive health care coverage for you and your dependents
* Generous leave policies, including annual leave, sick leave, and flexible work hours
* Convenient central district 1 office location, next to a future metro station
* Onsite lunch with multiple options, including vegetarian
* Grab for work allowance and fully equipped workstations
* Fun and engaging team building activities, sponsored sports clubs, and happy hour every Thursday
* Unlimited free coffee, tea, snacks, and fruit to keep you energized
* An opportunity to make a social impact by helping to democratize credit access in emerging markets


 At Trusting Social, we live by ownership, integrity, and agility in execution. We believe in doing what's right, what's best, and what's innovative. If you're smart, driven, and want to make a difference in the world with the most advanced and fascinating technology, come join our team. We offer the runway to truly make an impact.
   

  

 For more information about us, please visit our website: https://www.youtube.com/watch?v\=inAEDGvOcL8\&t\=29s",https://media.licdn.com/dms/image/v2/C560BAQEJXrhUE2rtgg/company-logo_100_100/company-logo_100_100/0/1630659566262/trusting_social_logo?e=2147483647&v=beta&t=Kpo50NF6SzsEJjA3LmD-oBpuODZnuG89jg5dVzqXxjc,,,,,,,,,
Business Analyst,,https://www.linkedin.com/jobs/view/4339186200,Techvify,,https://vn.linkedin.com/company/techvify,,,,,,,,,,,,,,,,,IT Services and IT Consulting,,,LinkedIn,li-4339186200,linkedin,,"Hanoi, Hanoi, Vietnam",2025-11-27,fulltime,,,,,,True,mid-senior level,"Research, Analyst, and Information Technology",,"careers@techvify.com.vn, careers@techvify.com.vn","Thu nhập
   

  

 Up to 50M
   

  

 Cấp bậc
   

  

 Senior
   

  

 Hình thức
   

  

 Full Time
   

  

 Địa điểm làm việc
   

  

 Hà Nội
   

  

 TECHVIFY Corporation is an End to End AI\-Powered Digital Transformation Partner.
   

  

 At TECHVIFY, we don’t just build software.
   

  

 We engineer breakthroughs.
   

  

 We innovate with AI, craft with code, and scale with cloud.
   

  

 We partner with startups, enterprises, and even competitors on a shared mission:
   

  

 To turn bold ideas into real\-world impact.
   

  

 If you’re looking to lead digital transformation through intelligent software, we’re ready to build with you.
   

  

 Let’s create the future – together.
   

  

 Key Responsibilities
   

  

**Business Analysis \& Requirement Management**
* Work directly with clients (Product Owner, Business Users, Stakeholders) to conduct requirement elicitation sessions: interviews, workshops, use\-case modeling.
* Analyze and transform business needs into well\-structured user stories, acceptance criteria, workflow diagrams, data models.
* Define and maintain Product Backlog, ensure requirements are clear, traceable, and aligned with business goals.
* Perform gap analysis, impact analysis, and propose feasible solutions.
* Collaborate with UX/UI team to validate wireframes and functional design.


**Solution Design \& Consulting**
* Provide consulting to client on business workflows, process optimization, and system enhancements.
* Collaborate with Technical Architect and Dev Lead to validate solutions, ensure technical feasibility.
* Create solution mapping: business → functional → technical.
* Support clients in defining MVP scope, release roadmap, and product KPIs.


**Project Support**
* Work closely with PM to define scope, estimation, and delivery plan.
* Support the Dev \& QA team by clarifying requirements, reviewing test cases, verifying functionality.
* Participate in UAT planning, UAT support, defect triage with client.
* Decompose complex requirements into sprint\-ready items.


**Documentation**
* Create and maintain high\-quality artifacts:
+ BRD/SRS (Business/Software Requirement Specification)
+ User Stories \& Acceptance Criteria
+ Process Flow, Use\-case diagrams, Data Dictionary
+ Non\-functional requirements
+ UAT scenarios


**Stakeholder Communication**
* Act as the main bridge between client and development team.
* Proactively manage expectations, identify risks, and escalate issues to PM/Delivery Lead.
* Facilitate requirement walkthroughs, sprint reviews, demo sessions.


**Required Skills \& Qualifications**
**Professional Expertise**
* 4\+ years of experience as BA in software development.
* Strong understanding of:
+ Software development lifecycle (Agile/Scrum, Kanban)
+ Web/Mobile architecture basics
+ API/Integration concepts
+ Data modeling, workflow automation

* Experience with enterprise systems such as ERP/CRM is a plus.
* Experience working in multi\-project environment or large accounts.


**Analytical \& Methodology Skills**
* Excellent skills in requirement elicitation, decomposition, prioritization.
* Strong problem\-solving mindset, structured thinking.
* Ability to translate business needs into technical requirements.
* Experience with BPMN/UML, user flow diagrams.


**Tools**
* Jira / Azure DevOps / ServiceNow
* Confluence
* Figma / Miro / Draw.io
* SQL basic reading
* Postman (understanding API test flow)


**Soft Skills**
* Excellent communication in English.
* Strong stakeholder management: managing expectations, conflict resolution.
* Presentation skills, documentation clarity.
* Ownership mindset, proactive, independent.


**Nice\-to\-have**
* Experience with AI/Automation projects (OCR, RPA, chatbot, data mapping).
* Experience in manufacturing, fintech, retail, logistics.
* Pre\-sales experience: supporting estimation, solution proposal.


**Benefits**
* Salary: Up to 50M
* Join a global team and work directly with many talents around the world.
* Opportunities for onsite work in Japan, Singapore, Australia, and many other countries.
* Work and grow in a dynamic, creative, and professional environment.
* Healthcare: Premium Health Insurance TECHVIFY Care
* 13 months’ salary per year.
* Annual salary evaluation.
* Sponsor and encourage staff to study courses by covering tuition fees, such as Udemy, Coursera.


 How to apply
   

  

 If you are a driven and talented Business Analyst looking for an opportunity to be part of something extraordinary, please submit your resume and cover letter for consideration.
   

  

 Join our team and let’s create amazing things together! Send your updated CV to this email address:
   

  

* Email: careers@techvify.com.vn
* About us: Techvify \| End\-to\-End AI\-Powered Digital Transformation Partner


 Nộp CV ứng tuyển
   

  

 Vui lòng nhập họ tên của bạn
   

  

 Vui lòng nhập email của bạn
   

  

 Vui lòng nhập số điện thoại của bạn
   

  

 Vị trí bạn quan tâm iOS Developer Business Analyst Mid/Senior QA Engineer DevOps Engineer Android Developer Legal Executive Presales Business Analyst \- AI Solution Java Engineer Data Scientist Senior Data engineer .Net Engineer Mid/Senior Python Engineer Senior Backend Engineer (Java/Golang) Technical Leader \- Python/AI Technical Lead Automation QA Manager Software Engineer for JP market BrSE for JP Market Account Manager Process Quality Assurance Quality Assurance Leader Application Managed Service L2 Senior Java Developer Senior PHP Developer Senior International Sales Executive Business Analyst Korea Sales Manager Senior PQA Lead Intern AI Solution Engineer Sales Executive (Japan Market) Devops Engineer AI Engineer Python Developer Mobile Developer Technical Project Manager Frontend Developer Senior Solutions Architect / Consultant Business Analyst/ Product Owner Intern Project Coordinator NodeJS Developer Golang Developer Senior Frontend Developer Product Quality Assurance Senior International Sales Frontend Developer Intern Sales IT Quality Assurance Engineer Senior Nodejs Developer Middle Fullstack Developer Senior C\# Developer Fresher Japanese Content Creator (EB) IT Helpdesk Senior Ruby on Rails Developer Business Analyst Manual Tester Middle/Senior Auto QA Engineer Senior Frontend Developer (ReactJS) Project Manager/ Scrum Master Sales Manager Sales Manager \- HN Content Marketing Specialist (Creative) Intern Sales \- HCM Senior Software Engineer Project Manager Junior/Middle Quality Assurance Intern AI Engineer Senior UI/UX Designer Branding Executive (EB) Intern Fullstack/ReactJs/Python/Go Developer Intern ReactJS Developer Intern Fullstack (NodeJS, ReactJS) Developer Middle/Senior Backend Developer (NodeJS/Golang) onsite Singapore Junior/Middle PHP (Wordpress) Developer Mid\-Senior Front\-end Developer onsite Singapore Junior/Middle Java Developer Junior/Middle Golang Developer Junior/Middle .NET Developer Intern Employer Branding Junior/Middle NodeJs Developer Nhân viên Đào tạo Nội bộ Product Owner Support Engineering Junior/Middle Business Analyst Senior Java Developer Graphic Designer \[Junior/Middle] Senior Quality Assurance Scrum Master/Project Manager \[Intern/ Fresher] Marketing Manager Marketing Manager Sales Development Representative Senior Account Executive Head Of Account Management Senior Partner Sales Manager Senior Solution Sales Executive Senior Sales Executive Middle/Senior Python Developer Automation Test Engineer Talent Acquisition Specialist Talent Acquisition Intern Chuyên viên Đào tạo Nội bộ Quality Assurance \[Junior/Middle] Senior Fullstack Developers IT Recruiter \[Mid/Senior] Social Content Creator \[thị trường Nhật] Front\-end Developer \[Junior/Middle] IT Recruitment Lead Chuyên viên Truyền thông Nội bộ Social Content Creator Technical Project Manager Delivery Manager \[Global Market] Junior/Mid Java Engineer \[Onsite] Junior AI Engineer International Sales Executive Senior React Native Engineer Junior Java Engineer Mid/Senior Java Developer Mid/Senior Java Developer Mid\-Senior Nodejs Developer Junior/Mid\-level .NET Software Engineer Junior /Middle Business Analyst Financial Assistant \[Onsite] Junior ReactJS Developer Intern Golang Developer Senior IT Content Creator (Onsite/ Remote) Accountant Intern Office Administrator Human Resource Manager (HRM) Middle/Senior Quality Assurance ReactJS Developer Middle ReactJS Developer (Junior/Mid) Digital Marketing Executive Delivery Manager (Japan Market) Recruitment Lead Senior FullStack Developer Đà Nẵng Senior Flutter (Mobile) Golang Developer \[Senior/Lead] Fresher Golang Solution Architect Digital Marketing Lead (Onsite/Remote) Sales Manager \[Hanoi \& HCMC] Business Development Interns \[Hanoi \& HCMC] Senior Sales Executive (Global Market) Senior Node.Js Developer DevOps Engineer (Azure) Quản lý chất lượng dự án phần mềm (PQA) Mid/Senior Java Developer \[Japan] Senior/ Middle C\# Developer \[Japan] Senior/ Middle C/C\+\+ Developer \[Japan] IT Project Manager Middle/Senior Golang Developer Senior Sales Executive (Japan Market) Senior Java Developer Mid\-Senior Java Developer Java Technical Leader Bridge System Engineer (BrSE) \- Japan Senior .NET /C\# Developer Middle/Senior Python Developer Performance Marketing Specialist Sales Assistant (Graduate \- Junior) Senior Vue.Js Developer Senior ReactJs Developer PHP Team Leader Senior PHP Developer Chuyên Viên IT Recruiter Junior PHP Developer Automation QA Vị trí khác
   

  

 Business Analyst
   

  

* Vị trí bạn quan tâm
* iOS Developer
* Business Analyst
* Mid/Senior QA Engineer
* DevOps Engineer
* Android Developer
* Legal Executive
* Presales Business Analyst \- AI Solution
* Java Engineer
* Data Scientist
* Senior Data engineer
* .Net Engineer
* Mid/Senior Python Engineer
* Senior Backend Engineer (Java/Golang)
* Technical Leader \- Python/AI
* Technical Lead
* Automation QA Manager
* Software Engineer for JP market
* BrSE for JP Market
* Account Manager
* Process Quality Assurance
* Quality Assurance Leader
* Application Managed Service L2
* Senior Java Developer
* Senior PHP Developer
* Senior International Sales Executive
* Business Analyst
* Korea Sales Manager
* Senior PQA Lead
* Intern AI Solution Engineer
* Sales Executive (Japan Market)
* Devops Engineer
* AI Engineer
* Python Developer
* Mobile Developer
* Technical Project Manager
* Frontend Developer
* Senior Solutions Architect / Consultant
* Business Analyst/ Product Owner
* Intern Project Coordinator
* NodeJS Developer
* Golang Developer
* Senior Frontend Developer
* Product Quality Assurance
* Senior International Sales
* Frontend Developer
* Intern Sales IT
* Quality Assurance Engineer
* Senior Nodejs Developer
* Middle Fullstack Developer
* Senior C\# Developer
* Fresher Japanese Content Creator (EB)
* IT Helpdesk
* Senior Ruby on Rails Developer
* Business Analyst
* Manual Tester
* Middle/Senior Auto QA Engineer
* Senior Frontend Developer (ReactJS)
* Project Manager/ Scrum Master
* Sales Manager
* Sales Manager \- HN
* Content Marketing Specialist (Creative)
* Intern Sales \- HCM
* Senior Software Engineer
* Project Manager
* Junior/Middle Quality Assurance
* Intern AI Engineer
* Senior UI/UX Designer
* Branding Executive (EB)
* Intern Fullstack/ReactJs/Python/Go Developer
* Intern ReactJS Developer
* Intern Fullstack (NodeJS, ReactJS) Developer
* Middle/Senior Backend Developer (NodeJS/Golang) onsite Singapore
* Junior/Middle PHP (Wordpress) Developer
* Mid\-Senior Front\-end Developer onsite Singapore
* Junior/Middle Java Developer
* Junior/Middle Golang Developer
* Junior/Middle .NET Developer
* Intern Employer Branding
* Junior/Middle NodeJs Developer
* Nhân viên Đào tạo Nội bộ
* Product Owner
* Support Engineering
* Junior/Middle Business Analyst
* Senior Java Developer
* Graphic Designer \[Junior/Middle]
* Senior Quality Assurance
* Scrum Master/Project Manager \[Intern/ Fresher]
* Marketing Manager
* Marketing Manager
* Sales Development Representative
* Senior Account Executive
* Head Of Account Management
* Senior Partner Sales Manager
* Senior Solution Sales Executive
* Senior Sales Executive
* Middle/Senior Python Developer
* Automation Test Engineer
* Talent Acquisition Specialist
* Talent Acquisition Intern
* Chuyên viên Đào tạo Nội bộ
* Quality Assurance \[Junior/Middle]
* Senior Fullstack Developers
* IT Recruiter \[Mid/Senior]
* Social Content Creator \[thị trường Nhật]
* Front\-end Developer \[Junior/Middle]
* IT Recruitment Lead
* Chuyên viên Truyền thông Nội bộ
* Social Content Creator
* Technical Project Manager
* Delivery Manager \[Global Market]
* Junior/Mid Java Engineer \[Onsite]
* Junior AI Engineer
* International Sales Executive
* Senior React Native Engineer
* Junior Java Engineer
* Mid/Senior Java Developer
* Mid/Senior Java Developer
* Mid\-Senior Nodejs Developer
* Junior/Mid\-level .NET Software Engineer
* Junior /Middle Business Analyst
* Financial Assistant \[Onsite]
* Junior ReactJS Developer
* Intern Golang Developer
* Senior IT Content Creator (Onsite/ Remote)
* Accountant Intern
* Office Administrator
* Human Resource Manager (HRM)
* Middle/Senior Quality Assurance
* ReactJS Developer Middle
* ReactJS Developer (Junior/Mid)
* Digital Marketing Executive
* Delivery Manager (Japan Market)
* Recruitment Lead
* Senior FullStack Developer Đà Nẵng
* Senior Flutter (Mobile)
* Golang Developer \[Senior/Lead]
* Fresher Golang
* Solution Architect
* Digital Marketing Lead (Onsite/Remote)
* Sales Manager \[Hanoi \& HCMC]
* Business Development Interns \[Hanoi \& HCMC]
* Senior Sales Executive (Global Market)
* Senior Node.Js Developer
* DevOps Engineer (Azure)
* Quản lý chất lượng dự án phần mềm (PQA)
* Mid/Senior Java Developer \[Japan]
* Senior/ Middle C\# Developer \[Japan]
* Senior/ Middle C/C\+\+ Developer \[Japan]
* IT Project Manager
* Middle/Senior Golang Developer
* Senior Sales Executive (Japan Market)
* Senior Java Developer
* Mid\-Senior Java Developer
* Java Technical Leader
* Bridge System Engineer (BrSE) \- Japan
* Senior .NET /C\# Developer
* Middle/Senior Python Developer
* Performance Marketing Specialist
* Sales Assistant (Graduate \- Junior)
* Senior Vue.Js Developer
* Senior ReactJs Developer
* PHP Team Leader
* Senior PHP Developer
* Chuyên Viên IT Recruiter
* Junior PHP Developer
* Automation QA
* Vị trí khác


 Vui lòng chọn vị trí tuyển dụng bạn quan tâm
   

  

 Tải lên CV của bạn
   

  

 (Hãy tải lên CV của bạn ở định dạng .doc .docx .pdf không quá 5MB)
   

  

 Chọn file hoặc kéo thả vào đây
   

  

 Vui lòng tải CV của bạn
   

  

 Bạn biết đến thông tin tuyển dụng của TECHVIFY qua kênh nào? Group facebookFanpage TECHVIFY CareersLinkedin TECHVIFY CareersGoogle SearchTiktok Techvify OfficialTiktok Celine NguyenTiktok Thedev\_dadChuyên viên tuyển dụng TechvifyYoutube TECHVIFY CareersKhác
   

  

 Bạn biết đến thông tin tuyển dụng của TECHVIFY qua kênh nào?
   

  

* Bạn biết đến thông tin tuyển dụng của TECHVIFY qua kênh nào?
* Group facebook
* Fanpage TECHVIFY Careers
* Linkedin TECHVIFY Careers
* Google Search
* Tiktok Techvify Official
* Tiktok Celine Nguyen
* Tiktok Thedev\_dad
* Chuyên viên tuyển dụng Techvify
* Youtube TECHVIFY Careers
* Khác


 Vui lòng chọn Bạn biết đến thông tin tuyển dụng của TECHVIFY qua kênh nào?
   

  

 Hoặc
   

  

**Gửi CV Qua Email**
 careers@techvify.com.vn
   

  

**Liên Hệ Số Điện Thoại**
 02477760688",https://media.licdn.com/dms/image/v2/D560BAQHRgZNZ7J0GmA/company-logo_100_100/B56ZmAEYV7J4AQ-/0/1758790256423/techvify_logo?e=2147483647&v=beta&t=ORj-S_coMPbX4WUCsXDkaHRNSuQO2ohsnHNmf-Pnn1Y,,,,,,,,,
"[SPX Express] Senior Associate, Business Product Management",,https://www.linkedin.com/jobs/view/4324914920,SPX Express,,https://www.linkedin.com/company/spx-express,,,,,,,,,,,,,,,,,"Internet Marketplace Platforms and Technology, Information and Internet",,,LinkedIn,li-4324914920,linkedin,,"Ho Chi Minh City, Ho Chi Minh City, Vietnam",2025-11-27,fulltime,,,,,,False,mid-senior level,"Project Management, Strategy/Planning, and Product Management",,,"**About The Team**
**About the Team:**
 Our SPX Express Product Team is currently seeking a dynamic and experienced Product Manager to join our team and spearhead our digital transformation efforts. Our vision is to create a seamless and efficient supply chain ecosystem that empowers businesses and delights customers. We aim to leverage cutting\-edge technologies and data\-driven insights to optimize operations, enhance visibility, and deliver exceptional value to our clients.
   

  

 As a Product Manager, you will have the opportunity to analyze complex business challenges, generate creative product ideas, and deliver exceptional value to both internal and external customers. You will work closely with cross\-functional teams to develop and execute product strategies that align with our mission of transforming the logistics landscape.
   

  

 Join our
 **Operation Squad,** 
 where you’ll shape the heart of SPX’s logistics operation —
 **driving innovations that make parcel delivery faster, cheaper, and more reliable** 
 . You’ll work cross\-functionally to
 **optimize cost, lead time, and service quality through data\-driven insights and product execution** 
 . This is a high\-impact role for builders who thrive in operational complexity and want to redefine customer experience at scale
   

  

**Job Description**
 Product Discovery:
   

  

* Engage with both internal and external customers to understand their pain points and challenges.
* Conduct thorough market research to identify areas for improvement and potential opportunities.
* Analyze and extract relevant information from large datasets, both structured and unstructured, to streamline and enhance critical processes.
* Independently define business problems and propose solution approaches with minimal guidance.
* Scrutinize and validate data to ensure its quality and reliability, generating actionable insights.
* Collaborate with data teams to enhance data assets, quality, metrics, and insights.
* Utilize robust data analysis skills to systematically prioritize customer requirements.
* Develop comprehensive product roadmaps for relevant components on a yearly, monthly, and weekly basis.


**Product Delivery**
* Propose business solutions from a product perspective to address customer needs.
* Offer creative and feasible technical solutions to meet customer requirements.
* Craft concise documents and utilize data visualization techniques to effectively communicate results to stakeholders and facilitate decision\-making.
* Coordinate with the regional team throughout the product development process.
* Collaborate with the Product Support team to provide support to end users.
* Oversee projects to successfully deploy features for all customers.
* Measure the business impact of released features and gather feedback.
* Effectively manage the product lifecycle, ensuring continuous improvement and alignment with business objectives.


**Requirements**
 Must have
   

  

* Creative \& Proactive: Curious and proactive in seeking insights and addressing market opportunities with critical thinking.
* Business Acumen: Prioritizes long\-term business outcomes, skillful in product prioritization, and effective in stakeholder communication.
* Functional skills: Strong technical understanding and ability to analyze data effectively.


 Better to have
   

  

* Previous work experience as a business analyst or product manager
* Experience working with data/product teams
* Understanding of Business flow, Data flow, UX flow, UI Design, API, Project Management.",https://media.licdn.com/dms/image/v2/D560BAQH2zdXw1NE2Zg/company-logo_100_100/B56ZhQRMvdHcAQ-/0/1753693343179?e=2147483647&v=beta&t=k6VjSHgnrWq3fF3YkGj7KjU0eBR7tTLJ34vWZ2WQrRk,,,,,,,,,
Junior Data Analyst,,https://www.linkedin.com/jobs/view/4324945327,Asiatek Consulting Vietnam,,https://vn.linkedin.com/company/asiatek-consulting-vietnam,,,,,,,,,,,,,,,,,IT Services and IT Consulting,,,LinkedIn,li-4324945327,linkedin,,"Hanoi, Hanoi, Vietnam",,contract,,,,,,True,entry level,Information Technology,,,"**LOCALS ONLY, NOT FOR EXPATRIATES** 




  





**I. Job Responsibilities:** 




  




* **Data collection:** 
  Gathering data from various sources like databases, surveys, and web analytics.
* **Data cleaning and organisation:** 
  Cleaning data to ensure accuracy and consistency, and organising it into structured formats for analysis.
* **Data analysis:** 
  Using statistical methods and tools to analyse data, identify patterns and trends, and answer key business questions.
* **Reporting and visualisation:** 
  Creating reports and dashboards using tools like Tableau or Power BI to present findings to stakeholders.
* **Database management:** 
  Setting up, maintaining, and managing databases and data systems.
* **Collaboration:** 
  Working with other departments, such as engineering and management, to understand their data needs and support data initiatives.
* **Other tasks, if necessary.**



  





**II. Job Qualifications \& Requirements:** 




  




* **From 2 years of professional experience in a Data Analyst or similar quantitative role.**
* **Must have experience with Quicksight, DBT, and SQL.**
* Will edit
 **DBT models with SQL language to produce Datasets for business use and visualise them using Quicksight.**
* Needs to be familiar with dataset calculations and parameters in
 **Quicksight,** 
 and also able to
 **understand how to work directly in Redshift to query data.**
* Should have a
 **blend of technical and business acumen.**
* Will work with engineers to escalate if any data quality issues, and can chat with business users to understand
 **BI requirements**
* **English: must be good at English (can conduct technical interviews)**



  





**III. Other information:** 




  




* **Remote working (full\-time): from 9 AM – 6 PM, VN time**
* **Max rate/offer:** 
 20,000,000 VND gross/month
* **Duration: 6** 
 months (sign contractor, no SHUI) at the 1
 st 
 contractor
* **Contract renewal based on the project**
* **Expected onboarding date:** 
 ASAP (must \| After offering)
* **Laptop and other devices:** 
 Self\-provided



  





***Hiring process:***
*Apply CV \> ATS team screen CV \> Client review profile \> English Checking from 5\-10 mins \> Interview rounds (Online) \> Offering \> Onboarding*",https://media.licdn.com/dms/image/v2/D560BAQGLWHKS0-7qzQ/company-logo_100_100/company-logo_100_100/0/1727178687765?e=2147483647&v=beta&t=Xv-hxbFS0nwsAPWKvPm6xUMCh7TTbY1RTB6R3ix66cg,,,,,,,,,
Category Management Analyst,,https://www.linkedin.com/jobs/view/4181805101,Shopee,,https://sg.linkedin.com/company/shopee,,,,,,,,,,,,,,,,,"Internet Marketplace Platforms and Technology, Information and Internet",,,LinkedIn,li-4181805101,linkedin,,"Ho Chi Minh City, Ho Chi Minh City, Vietnam",,fulltime,,,,,,False,mid-senior level,"Sales, Business Development, and Strategy/Planning",,,"**Job Description**
* Translate data into valuable insights and present results and recommendations
* Proactively identify new commercial opportunities through deep analysis and innovative research methods
* Evaluate market conditions and competitor data to identify emerging trends and to recommend learnings and action points to optimize results
* Regularly review and analyze key commercial metrics to develop report, drive continual optimization and improve campaign efficiency
* Provides data\-driven, actionable insights and recommendations for improving commercial \& investment performance
* Coordinate and liaise with functional stakeholders to run category and/or cluster projects on demand


**Requirements**
* Minimum Bachelors Degree in Marketing, BBA or related fields from well\-known universities
* 2 \- 3 years experienced, e\-commerce industry would be a plus
* Strong communication skills in both written and verbal format
* Efficient command of Business English
* Strong project management skills
* Good team player, positive attitude and eager to learn
* Creative, well\-organised and self\-motivated
* Proficiency in Microsoft Excel, Word and PowerPoint
* Strong ability to visualize data/insight
* Experience in PowerBI and query tools is an advantage",https://media.licdn.com/dms/image/v2/C560BAQE0iX_dgdH7nA/company-logo_100_100/company-logo_100_100/0/1672279162763/shopee_logo?e=2147483647&v=beta&t=SWHj8amyrLFDHnAHrTUM5qgh2VVhjOcjV2XdwgfwoFg,,,,,,,,,
Data Engineer,,https://www.linkedin.com/jobs/view/4347839217,Wanek Furniture,,https://vn.linkedin.com/company/wanek-furniture,,,,,,,,,,,,,,,,,Furniture,,,LinkedIn,li-4347839217,linkedin,,"Binh Duong, Vietnam",,fulltime,,,,,,False,entry level,Information Technology,,,"**Job Descriptions**
* Collaborate with AI/ML Engineers to design and maintain data pipelines (ETL/ELT) from ERP, IoT, and production systems.
* Clean, transform, and structure data for machine learning and analytics.
* Manage data storage, processing, and retrieval in Data Warehouse or Data Lake environments.
* Conduct exploratory data analysis and statistical modeling to support AI initiatives.
* Ensure data quality, integrity, and compliance with company standards.
* Translate business requirements into data\-driven solutions in collaboration with IT and business stakeholders.
* Monitor and optimize data workflows for performance and scalability.
* Document data processes and model workflows for maintainability.


**Requirements**
* Bachelor’s degree in Computer Science, Information Technology, Data Science, or a related field.
* Minimum 2\-3 years of hands\-on experience in Data engineering, Data integration, or a similar data\-focused role.
* Strong proficiency in SQL and Python, with experience using data manipulation libraries such as Pandas and PySpark.
* Proven experience in designing and implementing ETL/ELT pipelines and automating data workflows.
* Familiarity with cloud platforms such as Azure, AWS, or Google Cloud Platform (GCP), including cloud\-based data storage and processing tools.
* Experience working with APIs, relational and NoSQL databases, and large\-scale data processing systems.
* Solid understanding of data modeling, schema design, and data governance best practices.
* Strong analytical and problem\-solving skills, with the ability to work both independently and in cross\-functional teams.
* Good English communication.",https://media.licdn.com/dms/image/v2/D560BAQE_xlmpkhSrtg/company-logo_100_100/B56ZYUVur9HEAY-/0/1744097963346/wanek_furniture_logo?e=2147483647&v=beta&t=e8-vIgfALUL05VTv4UD0F5OKptRqIL471udMw5H0ZVw,,,,,,,,,
AI Researcher,,https://www.linkedin.com/jobs/view/4324944850,VinDynamics,,https://vn.linkedin.com/company/vindynamics,,,,,,,,,,,,,,,,,Robotics Engineering,,,LinkedIn,li-4324944850,linkedin,,"Hanoi, Hanoi, Vietnam",,fulltime,,,,,,False,mid-senior level,Engineering and Information Technology,,,"**AI Researcher – Conversational AI / Multimodal LLM** 

 Hanoi, Vietnam \| Full\-time \| Humanoid Robotics
 



 VinDynamics is building the next generation of humanoid robots capable of
 **natural communication** 
 , contextual understanding, and seamless interaction with humans.
 



 We are looking for an
 **AI Researcher** 
 specializing in
 **NLP, LLMs, and Conversational AI** 
 , with strong
 **publications (ACL/EMNLP/NeurIPS/ICLR)** 
 .
 


**What You Will Do** 
* Conduct advanced research in
 **Conversational AI, Large Language Models, and Dialogue Systems**
* Develop LLM\-based conversational models for humanoid robots:



 → Reasoning, long\-context memory, grounding, safety
 


* Publish research at
 **ACL, EMNLP, NAACL, NeurIPS, ICML, ICLR**
* Build NLU pipelines (intent, DST, slot filling, safety filtering)
* Integrate LLMs with ASR/TTS and vision modules to create natural human–robot interaction
* Deploy and optimize models on
 **Jetson AGX Orin, RTX GPUs** 
 , and test on real humanoid robots


**Requirements** 
**Must Have** 
* Master’s/PhD in NLP/AI/ML/CS/Cognitive Science/Robotics
* Strong publication record (ACL/EMNLP/NAACL or top\-tier ML conferences)
* Deep understanding of Transformer\-based LLMs (LLaMA, GPT, Qwen, T5, PaLM, etc.)
* Experience fine\-tuning conversational models and building datasets
* Strong Python \& PyTorch skills


**Nice to Have** 
* Experience in ASR/TTS or multimodal LLMs
* Background in HRI (Human–Robot Interaction)
* Knowledge of RLHF, RLAIF, alignment, and hallucination mitigation
* Contributions to open\-source NLP/LLM projects",https://media.licdn.com/dms/image/v2/D560BAQHGUhtYXTfYiw/company-logo_100_100/B56ZnSDYAsHkAQ-/0/1760165725061/vindynamics_logo?e=2147483647&v=beta&t=I2xOgcMy21EAHgTSgQ-VBJBPper_JTcapTzCXJHrYhE,,,,,,,,,
Senior Data Scientist,,https://www.linkedin.com/jobs/view/4325023355,Ngân hàng TMCP Đông Nam Á - SEABANK,,https://vn.linkedin.com/company/seabank,,,,,,,,,,,,,,,,,Banking,,,LinkedIn,li-4325023355,linkedin,,,,fulltime,,,,,,False,mid-senior level,Engineering and Information Technology,,,"🚀 The Mission
 



 SeABank is scaling its Advanced Analytics capabilities to drive hyper\-personalization for millions of customers. We are seeking a Senior Data Scientist who bridges the gap between complex algorithms and real\-world banking revenue.
 



 In this role, you will move beyond manual model training. You will leverage AutoML to accelerate experimentation and build robust MLOps pipelines to deploy Propensity, NBO (Next Best Offer), and NBA (Next Best Action) models at scale.
 



 🔥 Key Responsibilities
 



 1\. Advanced Customer Analytics (Propensity \& Personalization)
 



 • Propensity Modeling: Design and deploy high\-precision models to predict customer likelihood to purchase (Credit Cards, CASA, Loans, Insurance) using comprehensive behavioral data.
 



 • NBO \& NBA Engines: Build recommendation systems (Next Best Offer / Next Best Action) to deliver the right message, to the right customer, at the right time across digital and physical channels.
 



 • Customer Lifecycle AI: Develop models for Churn Prediction, Reactivation, and Uplift Modeling to optimize marketing spend and retention strategies for Retail and SME segments.
 



 2\. AutoML \& Efficiency Strategy
 



 • Accelerated Modeling: Utilize AutoML frameworks (e.g., H2O, FLAML, AutoGluon, or custom wrappers) to rapidly benchmark baselines, select features, and tune hyperparameters.
 



 • Standardization: Create reusable coding templates and libraries to reduce ""Time\-to\-Model"" for the broader data science team.
 



 3\. MLOps \& Model Lifecycle Management
 



 • End\-to\-End Deployment: Move models from Jupyter Notebooks to production environments using Docker/Kubernetes.
 



 • Model Monitoring: Implement monitoring solutions (detecting Data Drift, Concept Drift) to ensure model performance remains stable over time.
 



 • CI/CD for ML: Collaborate with Data Engineers to build automated retraining pipelines using tools like MLflow, Airflow, or Kubeflow.
 



 🎯 What We Are Looking For
 



 Core Technical Skills:
 



 • Experience: 3\+ years in Data Science with a proven track record in Banking, Fintech, or E\-commerce.
 



 • Programming: Mastery of Python (Pandas, Polars, Scikit\-learn) and SQL for complex data wrangling.
 



 • Modeling Expertise: Deep understanding of Ensemble methods (XGBoost, LightGBM, CatBoost) and Classification/Regression problems.
 



 • Business Solvers: Strong experience specifically with Propensity Scoring, Collaborative Filtering, and Segmentation.
 



 Operational Excellence (The ""Must\-Haves""):
 



 • AutoML: Experience using AutoML tools to streamline the modeling process is highly preferred.
 



 • MLOps: Hands\-on experience with model registry, versioning, and deployment tools (e.g., MLflow, Docker).
 



 • Cloud \& Big Data: Familiarity with AWS/GCP or Spark/Hadoop ecosystems is a plus.
 



 💡 Why This Role Matters
 



 • Direct Impact: Your Propensity and NBO models will be the engine behind SeABank’s marketing campaigns and sales strategies.
 



 • Tech Freedom: We encourage the use of AutoML to remove repetitive tasks so you can focus on feature engineering and solving hard business problems.
 



 • Innovation: Join a team that values production\-grade code over research papers.",https://media.licdn.com/dms/image/v2/C560BAQHl3kozpQOjpQ/company-logo_100_100/company-logo_100_100/0/1672111846203/seabank_logo?e=2147483647&v=beta&t=KZP0wKwi_tqFNHaRMlHjtEA7tqFqrNehH9nUZbsPs_Y,,,,,,,,,
"Data Engineer Lead (Snowflake, Lakehouse Architecture)",,https://www.linkedin.com/jobs/view/4325003217,Gmass HR Solutions VietNam,,https://vn.linkedin.com/company/gmass-hr-solutions-vietnam,,,,,,,,,,,,,,,,,Human Resources Services,,,LinkedIn,li-4325003217,linkedin,,"Ho Chi Minh City, Vietnam",,fulltime,,,,,,False,not applicable,Information Technology,,,"**Salary: Upto 70 Mil** 




**Job Description** 




 · Lead the full architecture and development of a modern, cloud\-native data platform on Snowflake, aligned with Lakehouse principles.
 



 · Build and maintain advanced ETL/ELT pipelines with strong reliability, performance, scalability, and reusability.
 



 · Design and optimize analytical data models (star schema, normalized models) for BI, analytics, and machine learning use cases.
 



 · Partner closely with data scientists and AI engineers to deliver training datasets, model\-scoring pipelines, and data services supporting AI/agent applications.
 



 · Manage ingestion and integration of both structured and unstructured data while ensuring robust data governance, security, and compliance.
 



 · Promote best practices in code quality, documentation, testing, and CI/CD across the data engineering team.
 



 · Mentor junior and mid\-level engineers, perform code reviews, and cultivate a high\-standards engineering culture.
 



 · Collaborate directly with global product and business teams in fluent English—covering requirement gathering, solution design, and presenting architectural recommendations.
 



 · Support the development of AI agents and intelligent data services leveraging real\-time data and vector\-based retrieval.
 



 · Lead performance optimization, cost control, and scalable infrastructure management across the data ecosystem.
 



**Required working experience** 




 · 5\+ years of hands\-on experience in data engineering or large\-scale data platform development.
 



 Required Languages:
 



 · Excellent English communication skills—comfortable working with international teams and senior stakeholders.
 



**Required knowledge and skills** 




 · Demonstrated expertise with Snowflake, including architecture, performance tuning, cost optimization, and ELT design. (Experience with Databricks/Spark/Delta Lake is a plus.)
 



 · Advanced proficiency in Python and SQL with the ability to deliver production\-quality code.
 



 · Practical experience building ETL/ELT workflows using Airflow, dbt, or similar orchestration frameworks.
 



 · Strong knowledge of Lakehouse architecture, data warehousing concepts, and large\-scale performance optimization.
 



 · Solid understanding of cloud platforms (AWS, Azure, or GCP).",https://media.licdn.com/dms/image/v2/D560BAQEGPdyFs483bg/company-logo_100_100/company-logo_100_100/0/1721293214921/gmass_hr_solutions_vietnam_logo?e=2147483647&v=beta&t=DBn1OwI6RsYx2XQGluWzSri7AhpBp6qa-gTshdtED40,,,,,,,,,
Cloud engineer,,https://www.linkedin.com/jobs/view/4321754189,Techcombank (TCB),,https://vn.linkedin.com/company/techcombank,,,,,,,,,,,,,,,,,Banking,,,LinkedIn,li-4321754189,linkedin,,"Hanoi, Hanoi, Vietnam",,fulltime,,,,,,False,mid-senior level,Engineering and Information Technology,,,"**Objective**
 Thiết kế, triển khai và đánh giá các biện pháp sử dụng nền tảng đám mây, đảm bảo giải pháp đưa ra phù hợp với luật và chính sách bảo mật của TCB
   

  

**Key accountabilities**
* Quản lý và điều hành công việc:
* Phân tích nhu cầu của các đơn vị và giúp họ lựa chọn công nghệ đám mây phù hợp.
* Thiết kế cho các đơn vị/ dự án trong ngân hàng về các giải pháp công nghệ dựa vào công nghệ đám mây.
* Làm việc với đối tác để triển khai các giải pháp đám mây
* Cân nhắc hiệu quả những rủi ro tiềm ẩn của các giải pháp công nghệ đám mây
* Hỗ trợ triển khai các giải pháp đám mây một cách an toàn và bảo mật
* Thực hiện kiểm tra đánh giá hiệu quả của công nghệ đám mây vào trong các giải pháp công nghệ
* Thông qua việc đánh giá liên tục các mối đe dọa và lỗ hổng bảo mật trên đám mây , đưa ra các đề xuất, cải tiến và nâng cao khi cần thiết.
* Công tác quản trị rủi ro và tuân thủ:
* Nhận biết các rủi ro và phối hợp với các đơn vị liên quan để đề xuất phương pháp đo lường và giảm thiểu các rủi ro trong hoạt động.
* Đảm bảo các nhóm trong bộ phận hoàn thành những cam kết về chất lượng phục vụ, tuân thủ các quy định, chính sách của Ngân hàng


**Success Profile \- Qualification and Experiences**
* Bằng tốt nghiệp Đại học trở lên, chuyên ngành Công nghệ thông tin
* Kinh nghiệm công tác: 3\-6 năm
* Kinh nghiệm với cloud (aws/gcp)
* Kinh nghiệm với hệ thống lớn
* Kinh nghiệm với container/microservice/container orchestration/kubernetes (k8s)
* Kinh nghiệm với configuration management (ansible/puppet), infrastructure as code (terraform/cloudformation), GitOps model
* Familiar with 1 or more scripting language (bash/python). Golang is plus.
* Trình độ ngoại ngữ: Tiếng Anh tương đương TOEIC 550 trở lên",https://media.licdn.com/dms/image/v2/C560BAQGxZkC9HU-9EQ/company-logo_100_100/company-logo_100_100/0/1630641591686/techcombank_logo?e=2147483647&v=beta&t=simZ-DCx-jLPmitLY1R9sdUyvvKHa9vWI_9RdB2pcoI,,,,,,,,,
