id,site,job_url,job_url_direct,title,company,location,date_posted,job_type,salary_source,interval,min_amount,max_amount,currency,is_remote,job_level,job_function,listing_type,emails,description,company_industry,company_url,company_logo,company_url_direct,company_addresses,company_num_employees,company_revenue,company_description,skills,experience_range,company_rating,company_reviews_count,vacancy_count,work_from_home_type,source
li-4325171508,linkedin,https://www.linkedin.com/jobs/view/4325171508,,Data Analyst,FPT Software Career,,2025-11-29,fulltime,,,,,,False,mid-senior level,Information Technology,,TrangNTT51@fpt.com,"**Company Description** 




 FPT Corporation is Vietnam's leading technology corporation, founded in September 1988 with Information Technology and Telecommunications at its core. With a revenue nearing $2 billion and a workforce of over 83,000 employees, FPT has a global presence spanning 33 countries and serves over 600 customers worldwide, including more than 100 Fortune 500 companies. Known for its innovative and team\-spirited culture, FPT strives to pioneer new technology trends and reinforce Vietnam's position on the global technology map. For more information, please visit www.fpt.com.
 



  





**Position : Data Analyst** 




*Location : Ho Chi Minh City* 




*Work in office (district 9, F\-town HCM)* 




*We have shuttle bus* 




  





**Company Description** 





 FPT Software, a subsidiary of FPT Corporation, is a global technology and IT services provider headquartered in Vietnam, with USD 1\.22 billion in revenue (2024\) and over 33,000 employees in 30 countries. The company addresses complex business opportunities and challenges with world\-class services in Advanced Analytics, AI, Digital Platforms, Cloud, Hyperautomation, IoT, and Low\-code. FPT Software has partnered with over 1,100 clients worldwide, including more than 130 Fortune Global 500 companies in various industries such as Aviation, Automotive, Banking, Financial Services, Healthcare, Logistics, Manufacturing, and Utilities.
 




  





**Key Responsibilities:** 



* Work directly with clients and end users to clarify business requirements
* Analyze and visualize data to support reporting and decision\-making
* Standardize and model data for analytical purposes
* Design and develop dynamic reports and dashboards using Power BI
* Propose improvements to enhance data reliability, performance, and quality



**Qualifications:** 



* Minimum 3 years of experience in Data Analysis
* Strong communication and presentation skills in English
* Analytical mindset with the ability to handle large datasets
* Proficiency in Power BI
* Solid SQL skills for data querying and manipulation



  





**Benefits** 



* “FPT care” health insurance and is exclusive for FPT employees.
* Annual Summer Vacation: follows company’s policy and starts from May every year
* Salary review: 1 time per year
* International, dynamic, friendly working environment
* Annual leave, working conditions follow Vietnam labor laws.
* Other allowances: lunch allowance, working on\-site allowance, etc.



  





**\-\-\-\-\-\-\-\-\-\-\-\-\-\-\-\-\-\-\-\-\-\-\-\-\-\-\-\-\-\-\-\-\-\-\-\-\-\-\-** 



* *Contact for more detail: TrangNTT51@fpt.com*",IT Services and IT Consulting,https://vn.linkedin.com/company/fptsoftwarecareer,https://media.licdn.com/dms/image/v2/D560BAQEdgMtE6SX4wA/company-logo_100_100/B56Zh3xZ5yHQAY-/0/1754356097587/fptsoftwarecareer_logo?e=2147483647&v=beta&t=ZAOWsT8s3WcS-jwI3qb5Me7yTOT7kxr0IJr4ahvf6KY,,,,,,,,,,,,LinkedIn
li-4325022411,linkedin,https://www.linkedin.com/jobs/view/4325022411,,Marketing Data Analyst,Palfish VietNam,,2025-11-29,fulltime,,,,,,False,entry level,Information Technology,,hr@palfishhcm.com,"**I. MÔ TẢ CÔNG VIỆC** 




**1\. Quản lý dữ liệu \& phân bổ lead:** 



* Thu thập dữ liệu lead từ các kênh Digital/ Performance/ Livestream … và chuẩn hóa thành dữ liệu sạch trước khi phân bổ.
* Quản lý lead: làm sạch, loại bỏ thông tin sai, merge dữ liệu trùng.
* Thiết lập và vận hành quy tắc phân bổ lead theo team Sales.
* Theo dõi lead tồn, lead chưa được phân bổ.
* Xử lý các trường hợp lead trùng giữa các team hoặc giữa các kênh.



**2\.** 

  
 
**Phối hợp Marketing:** 



* Là đầu mối làm việc với team Livestream và Digital để nắm rõ: nội dung livestream, gói sản phẩm/ ưu đãi trong buổi live, target audience, kỳ vọng số lượng lead.
* Sau mỗi buổi livestream/ chiến dịch digital: tổng hợp insight từ sales và đánh giá độ khớp tệp khách hàng.
* Đề xuất tối ưu hóa nội dung, kịch bản livestream hoặc thông điệp marketing dựa trên dữ liệu thực tế.



**3\.** 

  
 
**Điều phối với Sales \& đào tạo sản phẩm** 
 :
 


* Brief Sales trước các chương trình livestream/chiến dịch digital: gói sản phẩm, USP, ưu đãi.
* Hướng dẫn và đào tạo Sales về sản phẩm mới, thay đổi chính sách, combo, giá ưu đãi đặc biệt từ Marketing.
* Đảm bảo Sales nắm rõ loại lead từ mỗi kênh để gắn đúng kịch bản chăm sóc.
* Là cầu nối xử lý các vấn đề vận hành giữa Sales \& Marketing.



  





**II. YÊU CẦU** 



* Từ 2\-3 năm kinh nghiệm Data Operations, Sales Operations, Marketing Operations hoặc CRM Specialist, ưu tiên ngành giáo dục/ Edtech/ B2C.
* Có kinh nghiệm về CRM.
* Có khả năng giao tiếp Tiếng Anh là lợi thế.
* Tư duy hệ thống, kỷ luật dữ liệu, có kinh nghiệm xử lý cơ sở dữ liệu lớn \& trùng lặp.
* Am hiểu vận hành lead từ Marketing.
* Hiểu digital channels \& livestream là một lợi thế.
* Kỹ năng giao tiếp tốt, trung lập, xử lý tranh chấp giữa các team một cách minh bạch và logic.
* Có kinh nghiệm đào tạo nội bộ hoặc xây tài liệu sản phẩm là một điểm cộng.



  





**III. LƯƠNG \& PHÚC LỢI** 



* Mức lương:
 **15\.000\.000 – 25\.000\.000** 
 VND/ tháng tùy theo năng lực và kinh nghiệm.
* Cơ hội phát triển trở thành Lead Operations hoặc Data Operations Manager.
* Trợ cấp ăn trưa, trợ cấp laptop và vé gửi xe tháng.
* Làm việc trong môi trường công ty đa quốc gia.
* 12 ngày nghỉ phép/năm.
* Thưởng các ngày Lễ, Tết theo quy định của công ty .
* Được hưởng các chế độ về BHXH, BHYT, BHTN theo luật Lao động.



  





**IV. ĐỊA ĐIỂM LÀM VIỆC:** 
 Stellar Garden \- Le Van Thiem, Thanh Xuan, Ha Noi
 



  





**V. THỜI GIAN LÀM VIỆC:** 



* Thứ 2 – Thứ 6 \& 2 ngày Thứ 7 cuối tháng
* 8:30 – 18:00 (nghỉ trưa 12:00 – 13:30\)



  





**VI. ỨNG TUYỂN** 



* Email: hr@palfishhcm.com
* Hotline: 0779731677 (HR Department) or 0944 822 468 (Ms. Nhu)",E-Learning Providers,https://www.linkedin.com/company/palfishenglish,https://media.licdn.com/dms/image/v2/D560BAQGdT8yI9k4VrA/company-logo_100_100/B56ZkYE3IyHQAU-/0/1757045553653/palfishenglish_logo?e=2147483647&v=beta&t=aCCwI9YnYZjJyWrozM9wQVff23vfSOmtuy5ygcigL-0,,,,,,,,,,,,LinkedIn
li-4347388408,linkedin,https://www.linkedin.com/jobs/view/4347388408,,Sr Data Scientist,Hasaki.vn,,2025-11-29,fulltime,,,,,,False,mid-senior level,Information Technology,,thuyntt9@hasaki.vn,"**JOB DESCRIPTION** 




 You will be responsible for building and deploying Machine Learning models focused on customer retention prediction and personalized product recommendation for Hasaki’s eCommerce platform. This role has a direct impact on reducing churn, increasing customer lifetime value (LTV), and enhancing the overall shopping experience.
 



  





**KEY RESPONSIBILITIES** 



* Develop churn prediction models and identify high\-risk customer segments.
* Build personalized product recommendation systems based on user behavior, purchase history, and contextual signals.
* Collaborate with CDP \& Marketing teams to design retention campaigns powered by predictive insights.
* Design and run A/B tests to evaluate model effectiveness (retention uplift, CTR, conversion rate).
* Ensure models deliver measurable business value (e.g., churn reduction, LTV growth, repeat purchase uplift).
* Work closely with Product, BI, and CDP teams to translate insights into actionable strategies.



  





**REQUIREMENTS** 



* **3 \- 5 years of experience in Data Science,** 
 eCommerce or CDP experience is preferred;
* **Proficiency in Python** 
 (Pandas, scikit\-learn; TensorFlow/ PyTorch is a plus);
* Strong knowledge of: Customer retention modeling and churn prediction, Recommendation systems (Collaborative Filtering, Content\-based, Hybrid), Clustering, segmentation, and uplift modeling;
* Hands\-on experience deploying models into production and monitoring real\-world performance;
* Strong analytical and statistical skills, including A/B test design and evaluation;



  





**BENEFITS** 



* Salary range: Open to negotiate;
* 13th\-month salary, annual salary review;
* Insurance will be paid according to company policy;
* Working devices provided, parking fee allowance (if any);



  





**WORKING PLACE:** 
 568 Luy Ban Bich St., Tan Phu Ward, Ho Chi Minh City
 



  





 If you need any further information, contact me via
 **Telegram (callmeEvelynnn)** 
 or shoot me your CV at
 **thuyntt9@hasaki.vn** 
 to apply.
 



  





***\*\*\*Please note that only shortlisted candidates will be contacted. Thanks for your concern. ^^***",Retail Health and Personal Care Products,https://vn.linkedin.com/company/hasaki-vn,https://media.licdn.com/dms/image/v2/C510BAQGh6b0RrXr-ZA/company-logo_100_100/company-logo_100_100/0/1630604811321?e=2147483647&v=beta&t=kTvkZTeYjPVjsuqkB6wCh-sIgIaGV3_hyCtKTW5dL0g,,,,,,,,,,,,LinkedIn
li-4347397748,linkedin,https://www.linkedin.com/jobs/view/4347397748,,Business Analyst,Hasaki.vn,,2025-11-29,fulltime,,,,,,False,mid-senior level,Information Technology,,thuyntt9@hasaki.vn,"**KEY RESPONSIBILITIES** 




***Strategic Requirements \& Product Alignment***



* Collaborate with Product Owner to define and prioritize business requirements across platform, covering OMS, WMS, and marketplace integrations (Shopee, Lazada, TikTok Shop, etc.).
* Translate business objectives into clear user stories, acceptance criteria, and process flows that ensure data consistency and operational scalability.
* Ensure all requirements align with the long\-term product vision and cross\-channel strategy of our product’s ecosystem.



***Stakeholder Engagement \& Influence***



* Work closely with Frontend, Backend, and UI/UX teams to clarify requirements and ensure technical feasibility.
* Partner with business and operation teams to capture real business pain points and convert them into actionable solutions.
* Participate in sprint planning, backlog refinement, and UAT sessions to validate that deliverables meet expected outcomes.



***Process Optimization \& System Thinking***



* Lead end\-to\-end analysis of complex business processes, identifying inefficiencies, risks, and improvement opportunities.
* Propose solutions and process changes with a system\-wide perspective, balancing user experience, technical feasibility, and business goals.
* Contribute to defining KPIs and success metrics for new product features and process improvements.



***Delivery Support \& Quality Assurance***



* Develop and maintain PRDs, FRSs, process maps, and API documentation for internal systems and marketplace integrations.
* Support UAT and regression testing to ensure new releases maintain data integrity and business logic consistency.



  





**REQUIREMENTS** 




***Experience \& Expertise***



* Bachelor’s degree in Business, Information Systems, Supply Chain, or a related field.
* **2 \- 4 years of experience as a Business Analyst or Product Analyst** 
 , preferably in e\-commerce, SaaS, OMS/WMS, or marketplace integration domains.
* Familiarity with order lifecycle management, inventory control, fulfillment, and data synchronization across multiple platforms.
* Proficiency with tools such as Jira, Confluence, and Figma for documentation and
* collaboration.
* Understanding of API integration, data mapping, and system flow design.



***Additional Skills***



* Strong analytical and critical\-thinking skills with a data\-driven mindset.
* Excellent communication skills for bridging technical and non\-technical stakeholders.
* User\-centric thinking with attention to detail and process efficiency.
* Experience with SQL or BI tools for data validation is a plus.



  





**BENEFITS** 



* Salary range: open to negotiate;
* 13th\- month salary, annual performance review;
* Insurance will be paid according to company policy;
* Provide working devices, parking fee allowance (if any);
* Professional, dynamic and friendly working environment and culture;



  





**WORKING PLACE:** 
 568 Luy Ban Bich St., Tan Phu Ward, Ho Chi Minh City
 



  





 If you need any further information, contact me via
 **Telegram (callmeEvelynn)** 
 or shoot me your CV at
 **thuyntt9@hasaki.vn** 
 to apply.
 



  





***\*\*\*Please note that only shortlisted candidates will be contacted. Thanks for your concern. ^^***",Retail Health and Personal Care Products,https://vn.linkedin.com/company/hasaki-vn,https://media.licdn.com/dms/image/v2/C510BAQGh6b0RrXr-ZA/company-logo_100_100/company-logo_100_100/0/1630604811321?e=2147483647&v=beta&t=kTvkZTeYjPVjsuqkB6wCh-sIgIaGV3_hyCtKTW5dL0g,,,,,,,,,,,,LinkedIn
li-4324828722,linkedin,https://www.linkedin.com/jobs/view/4324828722,,"Business Intelligence & Planning, ShopeeFood",Shopee,,2025-11-28,fulltime,,,,,,False,associate,Analyst,,,"**Mô tả công việc:** 



* Manage KPIs and incentive frameworks / tracking to monitor BD performance.
* Collaborate with PMO, BD, CP, and Fin teams to standardize SOPs for tracking out\-of\-system data (Ads, non\-system investment, welcome package payment...)
* Develop and manage reporting dashboards to support BD teams in performance tracking
* Conduct BD team productivity and performance reviews; provide actionable insights to BD leadership.
* Deliver data analysis and support for decision\-making.







**Yêu cầu công việc:** 



* 1–2 years of experience in Data Analysis, Business Analysis, or Business Intelligence.
* Hands\-on experience with SQL and data crawling tools.
* Proficiency in Microsoft Office and Google Sheets.
* Experience in food delivery or e\-commerce industries preferred.
* Strong project management and communication skills.
* Data\-driven mindset with the ability to translate insights into actions.
* Ability to perform well under pressure in a fast\-paced environment.
* Responsible, collaborative team player with a growth mindset.",Software Development,https://sg.linkedin.com/company/shopee,https://media.licdn.com/dms/image/v2/C560BAQE0iX_dgdH7nA/company-logo_100_100/company-logo_100_100/0/1672279162763/shopee_logo?e=2147483647&v=beta&t=SWHj8amyrLFDHnAHrTUM5qgh2VVhjOcjV2XdwgfwoFg,,,,,,,,,,,,LinkedIn
li-4347941798,linkedin,https://www.linkedin.com/jobs/view/4347941798,,(Intermediate/Senior) Data Analyst- $55K/year,Crossian,,2025-11-28,fulltime,,,,,,False,mid-senior level,Marketing and Product Management,,,"Join our
 **Technology Innovations Center of Excellence (CoE)** 
 at
 **Crossian** 
 , a
 **fast\-growing startup that achieved a milestone of $100M in 2024** 
 . In this dynamic role, you'll check in daily with your team to stay aligned on project goals and collaborate across our ecosystem with an
 **Agile mindset** 
 infused with a
 **unicorn\-worthy startup culture** 
 .
 



 We are building a cutting\-edge
 **Global eCommerce Platform** 
 , offering end\-to\-end solutions for:
 


* **Storefront** 
 : Designing customizable and scalable online store systems that provide seamless shopping experiences and support dynamic business growth.
* **Ads Manager** 
 : Integrating and optimizing advertising tools across platforms like
 **Facebook, Google** 
 and more, enabling businesses to launch, track, and analyze marketing campaigns efficiently.
* **Marketing Insights \& CRM** 
 : Turning raw data from marketing campaigns, transactions, and user behavior into actionable insights to enhance customer engagement and drive smarter decision\-making.



  









**Responsibilities** 




 As a Data Analyst, you will be responsible for the following tasks and duties:
 



**Strategic Analysis \& Insight Generation** 
 :
 


* *Collect, clean, and analyze* 
 data from diverse sources, including user behavior metrics, campaign performance metrics, and customer engagement metrics.
* Manage data from A/B testing, including user tracking event data, aggregating and splitting it into multiple versions for analysis.
* Develop hypotheses and provide actionable insights to improve storefront experiences, optimize ad campaigns, enhance customer retention strategies, and evaluate the effectiveness of new features or content through AB testing.
* When comparing versions in AB testing, provide the confidence level of the results, determine the required number of views (users) and duration for the test to achieve statistically significant outcomes.
 **Define the Definition of Done (DoD)** 
 for the two versions A and B in the experiments.
* Utilize data visualization techniques to create charts and dashboards that communicate key trends and support decision\-making for cross\-functional teams.



**Dashboard \& BI Development** 
 :
 


* Build and maintain real\-time BI dashboards to track critical metrics such as conversion rates, customer lifetime value, and results from A/B tests.
* Assist in the creation of a self\-service BI system, enabling teams to explore data and generate reports tailored to their needs, including monitoring and analyzing A/B tests.



**Data Management \& Integration** 
 :
 


* Define and manage data schemas for eCommerce\-specific objects (e.g., product catalogs, tracking user events) and data from A/B tests to optimize data accessibility for analysis.
* Ensure the data warehouse maintains high data quality standards, is optimized for performance, and meets the needs of our global platform, including supporting analyses from A/B testing



**Team Collaboration:** 



* *Collaboration with Team Members:* 
 Work closely with team members to comprehend data requirements and deliver appropriate data solutions to meet business needs.
* *Cross\-functional Collaboration:* 
 Engage with cross\-functional teams to support and facilitate data\-driven decision\-making throughout the organization.
* By undertaking these responsibilities, you will play a crucial role in driving data\-informed decisions and strategies, ultimately contributing to the success and growth of our organization.



  





**Qualifications** 




  




* **Educational Background** 
 : Bachelor's degree preferred in Data Science, Computer Science, Mathematics, Statistics, or a related field.
* **Professional Experience** 
 : At least 3 years working in a DA role
* **Technical Proficiency** 
 : Expertise in SQL, Python and BI tools, along with a strong understanding of data modeling, data warehousing, and real\-time data monitoring. Familiarity with cloud technologies and DevOps practices is essential.
* **Database Management** 
 : Understanding the principles of database management and being able to perform exploratory data analysis is essential.
* **Analytical Skills** 
 : Strong ability to analyze datasets and utilize data visualization techniques to derive meaningful insights.
* **Communication Skills** 
 : Strong verbal and written communication skills, capable of presenting data insights clearly and contributing to decision\-making processes.
* **Innovative Thinking** 
 : Ability to keep pace with industry trends in data analytics methodologies and tools, applying this knowledge to drive the business forward.
* **English proficiency**","Technology, Information and Media, Banking, and Food and Beverage Services",https://vn.linkedin.com/company/crossian,https://media.licdn.com/dms/image/v2/D560BAQEZitkciXo7RQ/company-logo_100_100/company-logo_100_100/0/1700105744046/crossian_logo?e=2147483647&v=beta&t=oZsyfd1E_6VPz3bJniGaCzPqC-BPYlbd1vtoYWxtP74,,,,,,,,,,,,LinkedIn
li-4339470546,linkedin,https://www.linkedin.com/jobs/view/4339470546,,Tester mảng Data,The Value Maximizer,"Hanoi, Hanoi, Vietnam",2025-11-28,fulltime,,,,,,False,entry level,Other,,,"**Mô tả công việc** 
 \- Thiết kế, coding và kiểm thử hệ thống hoặc chức năng sau khi hoàn thành.\- Xây dựng kế hoạch và quản lý tiến độ lập trình theo kế hoạch. \- Nghiên cứu nắm bắt công nghệ mới.\- Tham gia các khóa đào tạo liên quan tới công việc do Công ty tổ chức.
   

  

**Yêu cầu tuyển dụng** 
 \- Trình độ học vấn: Tốt nghiệp đại học trở lên chuyên ngành Khoa học Máy tính, Khoa học Dữ liệu, Công nghệ Thông tin hoặc các ngành liên quan đến dữ liệu.\-
 **2 năm kinh nghiệm ở vị trí Tester** 
 \- Kiến thức nền tảng về dữ liệu: Nắm vững các khái niệm về dữ liệu, cơ sở dữ liệu và quy trình xử lý dữ liệu.\- Kinh nghiệm dự án: Đã tham gia các dự án liên quan đến Data Warehouse hoặc Data Lake, có khả năng xây dựng chiến lược kiểm thử, lập kế hoạch kiểm thử và thiết kế test case cho kiểm tra dữ liệu.\- Kỹ năng SQL: Thành thạo SQL, có khả năng viết và tối ưu hóa các test script phức tạp để kiểm tra dữ liệu.\- Hiểu biết về chất lượng dữ liệu và quản trị dữ liệu: Có kiến thức về Data Quality và ETL testing.\- Phân tích dữ liệu: Có khả năng phân tích dữ liệu để phát hiện lỗi, sai lệch hoặc các vấn đề tiềm ẩn.\- Kiểm thử tự động: Có kinh nghiệm xây dựng và triển khai các quy trình kiểm thử dữ liệu tự động.\- Kiểm thử API và hiệu năng: Có kinh nghiệm kiểm thử API, kiểm thử performance và thực hiện automation cho API testing. \- Thành thạo các công cụ như Postman, Jmeter hoặc tương đương...
 ***Nice to Have***
 \- Hiểu biết về lĩnh vực ngân hàng: Ưu tiên ứng viên có kinh nghiệm kiểm thử dữ liệu trong các hệ thống tài chính hoặc ngân hàng.\- Ưu tiên ứng viên đã làm việc với AWS Cloud\- Chứng chỉ chuyên môn: Có các chứng chỉ liên quan đến dữ liệu hoặc kiểm thử như ISTQB, Data Analyst, v.v.\- Kỹ năng lập trình: Biết sử dụng một hoặc nhiều ngôn ngữ như Python, R,... để hỗ trợ kiểm thử và xử lý dữ liệu.
   

  

**Chế độ đãi ngộ chung** 
 \- Mức Lương: Up to 24M NET\- Lương tháng 13, thưởng dự án, thưởng thâm niên,\- Ứng viên Onboard trong vòng 15 ngày kể từ ngày ký sẽ được bonus 2\.000\.000 VND\- Bảo hiểm đóng sau 02 tháng thử việc. Đầy đủ chế độ BHXH, BHYT theo quy định của Nhà nước. \- Review năng lực, xem xét lại đãi ngộ 2 lần/ năm \- Tham gia các buổi đào tạo nâng cao chuyên môn, nghiệp vụ, giới thiệu xu hướng công nghệ mới do Công ty tổ chức\- Chế độ sinh nhật, sinh con, hiếu hỷ, ngày lễ,...\- 12 phép/ năm, cứ thâm niên 1 năm được thêm 1 ngày.\- Hỗ trợ 100% vé tháng gửi xe \- Teambuilding, du lịch nghỉ mát 1 lần/ năm\- Cơ hội làm việc với khách hàng lớn Viettel, Vp bank, MSB...",IT Services and IT Consulting,https://vn.linkedin.com/company/the-value-maximizer,https://media.licdn.com/dms/image/v2/C560BAQFQlS1u4mikHQ/company-logo_100_100/company-logo_100_100/0/1679561982486/the_value_maximizer_logo?e=2147483647&v=beta&t=WFle2B8eNGE3ce1__YExhJZmD-S_bp3Yw6zqROG0V0Y,,,,,,,,,,,,LinkedIn
li-4347962283,linkedin,https://www.linkedin.com/jobs/view/4347962283,,Data Engineer Executive,TH Food Chain,"Hanoi, Hanoi, Vietnam",2025-11-28,fulltime,,,,,,False,entry level,Information Technology,,,"Tìm việc làm tương tự:
   

  

 Xem tất cả việc làm, THFC\_Tất Cả Việc Làm, THFC\_Công Nghệ Thông Tin, Công nghệ thông tin",Food and Beverage Manufacturing,https://vn.linkedin.com/company/thfoodchain,https://media.licdn.com/dms/image/v2/D560BAQH_FC_742mCPg/company-logo_100_100/company-logo_100_100/0/1708510951831/thfoodchaincareers_logo?e=2147483647&v=beta&t=IqO7Do5t9xvYZRpnBGL5_gh78OVBhSzu2i3ux79tomk,,,,,,,,,,,,LinkedIn
li-4324639150,linkedin,https://www.linkedin.com/jobs/view/4324639150,,Junior Data Engineer,"QH Distribution, Inc.","Ho Chi Minh City, Vietnam",2025-11-28,fulltime,,,,,,False,internship,Information Technology,,_vn@qhdistribution.com,"**QH Distribution Vietnam is a member of QH Distribution Inc., established in San Diego, CA, with over 36 years of expertise in distribution, import, wholesale and logistics. Serving more than 40 countries, we connect suppliers with customers worldwide, offering tailored solutions and support through offices in California, Mexico, Vietnam and Malaysia.** 




  





**What You’ll Be Doing:** 






**Role Objective:** 





 \-     Support the development and operation of data infrastructure.
 





 \-     Build Dashboards and reports to support business operations.
 




**Key Responsibilities:** 





 \-     Perform basic ETL/ELT processes: collect, clean, transform, and standardize data from multiple sources (ERP, Microsoft Excel, Google Sheets, APIs, ...).
 





 \-     Write and optimize SQL for building tables, views, data validation, and data standardization.
 





 \-     Conduct data quality checks (data validation, anomaly detection ...).
 





 \-     Build data pipelines and participate in designing data models (staging, dimension, fact...).
 





 \-     Develop and maintain business dashboards/reports (Looker Studio).
 





 \-     Collaborate with other teams to clarify data requirements and improve data processes
 





                                                                                                                                                
 




**Who We’re Looking For:** 





 \-     College/University degree in Information Technology, Information Systems, or related fields.
 





 \-     Proficiency in SQL.
 





 \-     Knowledge or experience with Microsoft SQL Server, Google BigQuery, and Looker Studio.
 





 \-     Understanding of ETL/ELT, Data warehouse concepts, Data modeling (star/snowflake schema), API fundamentals.
 





 \-     Knowledge of one or more programming languages: Python, Google Apps Script, VBA.
 





 \-     Strong soft skills.
 





 \-     High attention to detail and discipline in data quality management.
 





 \-     Ability to work under pressure: acceptable error tolerance is limited to 1\-2 mistakes per month for assigned tasks.
 









**Why You’ll Love Working Here:** 





 \-     Salary: 8\.000\.000 – 10\.000\.000 VND
 





 \-     Hybrid working
 





 \-     Laptop to be provided
 





 \-     Performance Review (2 times per year)
 





 \-     Annual health check, annual travel
 





 \-     Year\-end bonus
 





 \-     Work in an international, collaborative, fair, and dynamic environment
 





 \-     Working time: Monday to Friday, 8:00 AM – 12:00 PM and 1:30 PM – 5:30 PM.
 





 \-     Office location: Thu Duc
 




  





**How to Apply:** 





 Send your CV to:
 
 hr\_vn@qhdistribution.com
 
 with the subject “Application – \[Position Title]”.",Wholesale,https://www.linkedin.com/company/qhdistribution,https://media.licdn.com/dms/image/v2/D560BAQGzz3ll9xZJ7g/company-logo_100_100/company-logo_100_100/0/1736147748763/qhdistribution_logo?e=2147483647&v=beta&t=s1nERbzoo8PCUuHjsx1nNOCoT7sI99S59nHpgw9axMk,,,,,,,,,,,,LinkedIn
li-4324915956,linkedin,https://www.linkedin.com/jobs/view/4324915956,,Data Engineer,Savvycom - Software Product Development,,2025-11-28,fulltime,,,,,,False,mid-senior level,Information Technology,,,"**Mô tả công việc** 



* Maintain and design relational databases to support enterprise application and physical data modelling according to project requirements for data acquisition and security as well as customer\-defined deliverables.
* Develop strategies for data modeling, design, and implementation to meet stated requirements for Metadata management, Online Transaction Data Stores, Data Lake, Data Marts and Extract Transform Load environments in batch processing and real\-time injection.
* Create and test physical data models for a variety of business data, applications, database structures and metadata tables to meet operational goals for performance and efficiency
* Carrying out day\-to\-day support for reporting system.



  
 



**Yêu cầu ứng viên** 



* At least 03 years of experience in Data Engineering.
* Proficient with some of the modern relational databases such as Oracle, DB2, DynamoDB, Postgres and SQL Server
* Hand\-on experiences AWS DMS, Amazon Kinesis Data Stream, S3, Glue and Glue Jobs
* Hand\-on experiences on designing and developing ETL solution by using AWS Glue and SSIS or other ETL tools
* Strong in writing T\-SQL, PL/SQL Good understanding of Data Modelling, processing, and warehouse techniques
* Skilled at optimizing large, complicated SQL statements Capable of troubleshooting common database issues Knowledge at reporting development with SSRS and Power BI
* Good written and oral communication skills in English.
* Have leadership experience is a plus



  





**Quyền lợi** 



* Salary review twice a year.
* Receive social insurance according to Vietnamese Government regulations.
* Working in a young and professional environment. Direct contact with English\-speaker foreign clients.
* Friendly \& Open working environment (daily tea break, weekly sports time, monthly outdoor activity, annual holiday).
* Support English courses, sport activities \& other team building activities.
* Obtain guidance and awareness of advanced technologies.
* Receive overtime\-working allowance.
* Working hours: 5 days/week (Monday to Friday).",IT Services and IT Consulting,https://vn.linkedin.com/company/savvycomsoftware,https://media.licdn.com/dms/image/v2/C560BAQEDhw9ua6ni0A/company-logo_100_100/company-logo_100_100/0/1651656151879/savvycomsoftware_logo?e=2147483647&v=beta&t=lw3PC0tjY04fAheqKHNiebY661EKVkLzWhnk5tqsFyo,,,,,,,,,,,,LinkedIn
li-4339413812,linkedin,https://www.linkedin.com/jobs/view/4339413812,https://dungnguoidungviec.com/tin-tuyen-dung/data-engineer-cong-ty-duoc-pham-pharmacity-Xa4JWQpGLZK5Vcs&urlHash=Oy-k,Data Engineer,ĐÚNG NGƯỜI ĐÚNG VIỆC Community,"Phường Chí Minh, Hai Duong, Vietnam",2025-11-28,fulltime,,,,,,False,entry level,Information Technology,,,"Mô tả công việc
   

  

* Data Warehouse Construction and Management
* Collaborate closely with ERP, Software teams, and functional departments to define data flows and data semantics.
* Execute ETL processes, establish and manage connections with the data warehouse.
* Partner with the analytics team to design appropriate data sets for reporting.
* Adapt data set structures in response to evolving business needs and requirements.
* Document data structures and definitions, maintaining comprehensive and up\-to\-date records.
* Resolve issues related to the database promptly and effectively.
* Data Warehouse Performance Enhancement
* Develop optimal data warehousing and data loading solutions in line with product requirements from the analytics and Machine Learning teams.
* Collaborate with the IT team to enhance the data warehouse environment, providing advice and proposing solutions to increase storage capacity, improve loading speed, and reduce costs.
* Monitor the cost and capacity of the data warehouse environment, tracking any issues and resolving them as quickly as possible to ensure the smooth operation of the reporting system and Machine Learning tools.
* Data Security and Integrity
* Establish and manage outgoing connections from the data warehouse, ensuring stability and security.
* Monitor for any issues that could compromise data accuracy, alert relevant parties and resolving issues promptly.


 Yêu cầu công việc
   

  

* Bachelor’s degree in computer science, Engineering, or related field, or equivalent work experience.
* Proven experience as a Data Engineer, Software Developer, or similar.
* At least 2 years of experience working with large and complex data warehouse systems with hand\-on data architecture experience.
* Proficient in designing and building data models using the Kimball methodology for various data marts (Sales, Finance, Marketing).
* Advanced skills in SQL and dbt for building, testing, and optimizing data transformation workflows.
* Hands\-on experience with workflow orchestration tools like Airflow, Dagster, or n8n.
* Experience implementing data quality frameworks, including unit testing and data validation.
* Strong understanding of various data ingestion patterns (e.g., Incremental, Snapshot, CDC).
* Knowledge of Power BI data modeling and writing complex DAX queries.
* Strong organizational and project management skills.",Professional Organizations,https://vn.linkedin.com/company/dungnguoidungviec,https://media.licdn.com/dms/image/v2/D560BAQGZgbFhjnuiQg/company-logo_100_100/company-logo_100_100/0/1729133843131/dungnguoidungviec_logo?e=2147483647&v=beta&t=8shfQI8yy1G9nDMFKw43NJhX3jttLF5Xpl3u3PKfUqQ,,,,,,,,,,,,LinkedIn
li-4324848715,linkedin,https://www.linkedin.com/jobs/view/4324848715,,Data Engineer Executive,TH Group,,2025-11-28,fulltime,,,,,,False,entry level,Information Technology,,,"**Địa điểm:** 

 Hà Nội
 




**Công ty:** 

 TH Food Chain
 




**Vị trí:** 

 Chuyên viên
 




  





**MÔ TẢ CÔNG VIỆC** 



* Thiết kế, xây dựng và tối ưu hệ thống xử lý dữ liệu của tập đoàn
* Phối hợp với nội bộ team Data tích hợp các dữ liệu phục vụ cho việc xây dựng và phân tích các báo cáo theo yêu cầu của Ban Lãnh Đạo
* Quản lý hệ thống đảm bảo vận hành ổn định, đảm bảo chất lượng dữ liệu



  





**YÊU CẦU** 



* Tốt nghiệp Đại học ngành CNTT, Toán \-Tin, Khoa học máy tính hoặc các ngành có liên quan.
* Tối thiểu 1,5 năm kinh nghiệm ở vị trí Data Engineer, ưu tiên có kinh nghiệm với Azure, Fabric.
* Thành thạo ngôn ngữ SQL, Python.
* Có kinh nghiệm làm việc với hệ sinh thái Hadoop, Spark,...
* Làm việc tốt trên các hệ CSDL SQL, NoSQL.
* Có kinh nghiệm dưới vai trò AI Engineer là một lợi thế.
* Kỹ năng giao tiếp, tư duy logic tốt.
* Đọc hiểu tài liệu tiếng Anh chuyên ngành.



  





**QUYỀN LỢI** 



* Thu nhập hấp dẫn, Thử việc lương 100%
* Thưởng lễ tết \+ Thưởng tháng 13, 14 \+ Thưởng kết quả kinh doanh năm Công ty
* Bảo hiểm đầy đủ theo quy định nhà nước
* Gói bảo hiểm tai nạn 24/7 và gói bảo hiểm chăm sóc sức khỏe cao cấp
* Cơ hội thăng tiến nội bộ, môi trường làm việc hạnh phúc
* Cùng rất nhiều chế độ hấp dẫn khác đang chờ đợi Anh/Chị.",Manufacturing,https://vn.linkedin.com/company/th-group-global,https://media.licdn.com/dms/image/v2/D560BAQHaBrjP62cItQ/company-logo_100_100/B56Zmj46N9I4AQ-/0/1759391229802/th_group_global_logo?e=2147483647&v=beta&t=fmiET06KxsEn1UOi_rPxt2ePUDoJqD5uC8u3FOvPp7U,,,,,,,,,,,,LinkedIn
li-4335482478,linkedin,https://www.linkedin.com/jobs/view/4335482478,,Senior Data Analyst (PowerBI),GeoComply,,2025-11-28,fulltime,,,,,,True,mid-senior level,Information Technology,,,"**About GeoComply**
 We’re GeoComply! We are at the forefront of geolocation, cybersecurity, and anti\-fraud innovation, developing and delivering cutting\-edge technologies to help ensure regulatory compliance, combat bad online actors, alleviate user friction, and protect businesses from fraud.
   

  

 Achieving significant business and revenue growth over the past three years and dubbed a tech “Unicorn,” GeoComply has been trusted by leading global brands and regulators for over ten years. Our compliance\-grade geolocation technology solutions are installed on over 400 million devices and analyze over 12 billion transactions a year.
   

  

 At the heart of it all is the people, united by a deep commitment to problem\-solving and revolutionizing how people and businesses use the internet to instill confidence in every online interaction. With teams across five countries, three continents, and a global customer base, we have no plans to slow down.
   

  

**The Role**
* Are you passionate about using data to drive strategic business decisions? Would you like to be part of a team that shapes the future of our company by transforming data into actionable intelligence?
* The Senior Data Analyst (Business Intelligence) will be a key member of the Business Intelligence team. Your primary responsibility is to drive GeoComply's evolution from a reactive, history\-focused entity to a proactive, forward\-looking, and data\-driven enterprise. This role moves beyond standard reporting to answer not just ""what happened,"" but ""why did it happen,"" ""what will happen,"" and most importantly, ""what should we do about it?"".
* The ideal candidate has a strong analytical mind, deep business acumen, and a talent for telling compelling stories with data. You are a proactive problem\-solver who is enthusiastic about conducting analysis to tackle complex business challenges.


**Key Responsibilities**
* Take ownership of the entire BI project lifecycle. This includes gathering requirements from stakeholders, identifying and validating necessary data sources, building and maintaining data models, and designing intuitive, insightful dashboards (e.g Power BI, Databricks, Kibana)
* Conduct analysis \& collaborate with stakeholders to uncover the root causes, investigate underlying trends, and present not just what happened, but why it happened.
* Present your findings to both technical and non\-technical audiences. Create compelling narratives that use data to illustrate a business problem, the analysis you conducted, and your proposed solution
* Work with respective product managers or department heads to develop production monitoring system; liaising with the CS, SD, PM, and AM teams to ensure they have the most up to date information to meet client needs
* Guide and mentor junior analysts on the team, sharing best practices for data analysis, dashboard design, and data storytelling.


**Who You Are**
* Minimum 3 years of experience in a Data Analyst, Business Intelligence Analyst, or a similar analytical role.
* Experience creating impactful dashboards using BI tools (e.g PowerBI, Databricks Dashboard, Kibana) and a strong ability to present complex data in a simple, engaging manner.
* Strong business acumen with an aptitude for quickly understanding business problems and connecting data insights to strategic goals.
* Ability to understand the business, technical and customer requirements, prioritizing issues and escalating as required
* Good interpersonal skills, advanced level of English in reading, writing, and verbal communication
* Good presentation skills for internal reporting and external presentations


**Bonus Points**
* Are experienced in Marketing Analytics
* Are experienced with Kibana (Elastic Search), Databricks
* Have good knowledge of Jira, Zendesk, and Atlassian;
* Have coding experience using Python, PySpark, SQL;
* Experience in team management, coaching, training;


 Why Join GeoComply:
   

  

 ☘ Hybrid working mode \& Modern office at a prime location in District 1
   

  

 ☘ Professional development budget to support your growth
   

  

 ☘ 20 annual leave days, 5 sick leave days
   

  

 ☘ Premium health insurance (Bao Viet or Liberty)
   

  

 ☘ Social, unemployment, and health insurance contributions based on full salary
   

  

 ☘ Competitive salary package, 100% salary during the probation period
   

  

 ☘ Attractive bonuses (13th month, business performance, equity plans)
   

  

 ☘ Annual salary performance review
   

  

 ☘ Free parking
   

  

 ☘ Annual company trip \& Year\-end party
   

  

 ☘ Quarterly team\-building activities
   

  

 ☘ In\-office snacks and drinks (snacks, coffee, juice, milk, etc.)
   

  

 ☘ International working environment
   

  

**Apply Now!**
 Interested in joining our team? Send us your resume and a cover letter. We can’t wait to meet you!
   

  

**Commitment to Diversity and Equity.**
 If you don't tick every box in this job description, please don't rule yourself out. Research suggests that women and other people in underrepresented groups tend to only apply if they meet every requirement. We focus on hiring people who value inclusion, collaboration, adaptability, courage, and integrity rather than ticking boxes, so if this resonates with you, please apply.
   

  

**Search Firm Representatives Please Read Carefully**
 We do not accept unsolicited assistance from search firms for employment opportunities. All CVs or resumes submitted by search firms to any employee at our company without a valid written agreement in place for this position will be considered the sole property of our company. No fee will be paid if a candidate is hired by GeoComply due to an agency referral where no existing agreement exists with the GeoComply Talent Acquisition Team. Where agency agreements are in place, introductions must be through engagement by the GeoComply Talent Acquisition Team.
   

  

**Why GeoComply?**
 Joining the GeoComply team means you’ll be part of an award\-winning company to work, learn and grow. We are fast\-paced, high\-impact, and have a can\-do team culture.
   

  

 To be successful in our organization, you need an eager attitude, professionalism, and the confidence to willingly work to prove yourself and your ideas, and earn the trust of the organization.
   

  

 Here’s why we think you’d love working with us.
   

  

**We’re working towards something big**
 We’ve built a reputation as the global market leader for geolocation compliance solutions for over 10 years. We’re trusted by customers from all over the world, and the next few years will be particularly exciting as we continue to scale across new markets.
   

  

**Our values aren’t just a buzzword**
 Our values are the foundation for what we as a company care about most. They signify the commitment we make to each other around how we act and what we stand for. They are our north star as we work together to build a company we’re all proud to be a part of. Learn more, here .
   

  

**Diversity, equity, and inclusion are at the core of who we are**
 In collaboration with our team and external partners, we promote DEI in our recruitment and hiring practices; scholarships and financial aid; training and mentorship programs; employee benefits, and more.
   

  

**Learning Is At The Heart Of Our Employee Experience**
 At GeoComply, we foster an environment that empowers every employee to gain the knowledge and abilities needed to perform at their very best and help our organization grow. From a professional development budget to local training opportunities, knowledge\-sharing sessions and more, we are continually investing in employee career growth and development.
   

  

**We believe in being a force for good**
 We profoundly care about our impact on the world and strive to make meaningful contributions to the communities we work and live in. Our Impact division focuses on philanthropic and social responsibility initiatives, including supporting our local communities, advancing equality, and harnessing our technology to protect vulnerable groups. Learn more, here .
   

  

**We Care About Our Team**
 Our GeoComply team is talented, driven and hard\-working, and is known for its positive attitude and energy. At GeoComply, we take care of our employees with the total package. Team members are generously rewarded with competitive salaries, incentives, and a comprehensive benefits program.
   

  

**We value in\-person collaboration**
 GeoComply culture thrives on a dynamic mix of in\-person energy and independent focus and we champion a hybrid work model that blends the energy of in\-person collaboration with the flexibility to work from home. Our 3\-day in\-office policy fosters teamwork and innovation, while also recognizing the importance of individual work styles and needs.
   

  

 \- \- \- \- \- \- \- \- \- \-
   

  

*At GeoComply, we live our value of Act with Integrity. Our workplace is built on mutual respect and inclusion, and we welcome applicants of all backgrounds, experiences, beliefs, and identities. Creating an accessible interview experience for all candidates is important to us. If you have any requests (big or small) throughout our hiring process, please don’t hesitate to let us know so we can do our best to prioritize your needs.*
*We care about your privacy and want you to be informed about your rights. Please read our* 
*Applicant Privacy Notice* 
*before applying for the position.*
 We may use artificial intelligence (AI) tools to support parts of the hiring process, such as reviewing applications, analyzing resumes, or assessing responses. These tools assist our recruitment team but do not replace human judgment. Final hiring decisions are ultimately made by humans. If you would like more information about how your data is processed, please contact us.",Software Development,https://ca.linkedin.com/company/geocomply,https://media.licdn.com/dms/image/v2/D560BAQGZ7NTvP-TvlQ/company-logo_100_100/company-logo_100_100/0/1665207936574/geocomply_logo?e=2147483647&v=beta&t=CR5Zy0ZQjaS4baS-0VQmjixzDYc_UN24_KJNkB1TIo8,,,,,,,,,,,,LinkedIn
li-4324898696,linkedin,https://www.linkedin.com/jobs/view/4324898696,,Commercial Analytics Insights Senior Executive,MM Mega Market Vietnam,"Ho Chi Minh City, Ho Chi Minh City, Vietnam",2025-11-28,fulltime,,,,,,False,entry level,Business Development and Sales,,hieu.lnk@mmvietnam.com,"**RESPONSIBILITIES:** 




  




* Project Coordination: Develop cross\-functional partnerships in company’s project, keep tracking commercial process to ensure all requirements are addressed and deadlines are met in a timely manner.
* Maintaining Basic Performance Report: Keep updating Top\-line reports of Dept\-SubDept\-Class Level (according to the reporting cycle)
* Monitoring Merchandise Rules: Partner with Category Managers to track deliveries, process and merchandise principal compliance.
* Maintaining Internal Database: Preclude the entering of invalid data, error detection /data validation during transmission to ensure the integrity and accuracy.
* Improving Data Availability: Automate data preparation and timely report creation where possible, development of ad\-hoc reporting as guidance.
* Restructuring Data Sources: Be able to handle variety data sources and well understand operation of the system to collect data for different types of commercial reports.
* Maintaining Product Hierarchy: Cooperate with related parties to proper manage the input in pre and post migration process between MM and B’sMart.
* Maintaining Validation of Reporting business rules, documentation and distributions to proper stakeholders.



  





**REQUIREMENTS:** 



* University degree, preferably in Economics, Business Management or related subjects.
* 1\-2 years’ experience in big data
* Relevant experience within Data Digitalization
* Good communication \& Self\-disciplined.
* Good sense in data / figures.
* Abilities to use computer, office programs and database



  





**WORKING TIME:** 
 8:30 \- 17:30 Monday to Friday
 



  





**WORK LOCATION:** 
 Lot B, An Phu \- Anh Khanh New Residential, Binh Trung Ward, Thu Duc City (District 2\)
 



  





**HOW TO APPLY:** 
 Send your CV to
 **hieu.lnk@mmvietnam.com**",Wholesale,https://vn.linkedin.com/company/mm-mega-market-vietnam,https://media.licdn.com/dms/image/v2/D560BAQEkOBoeJOTDeA/company-logo_100_100/B56ZqfkVeQJQAQ-/0/1763613694433/mm_mega_market_vietnam_logo?e=2147483647&v=beta&t=l3rdF_QnlX3Wi2KKqjDZpcjTcph8jZxO6diLV_0LZRo,,,,,,,,,,,,LinkedIn
li-4340120166,linkedin,https://www.linkedin.com/jobs/view/4340120166,,Middle Data Engineer (Banking),The Value Maximizer,"Hanoi, Hanoi, Vietnam",2025-11-28,fulltime,,,,,,False,mid-senior level,Other,,,"**MÔ TẢ CÔNG VIỆC**
* Phân tích yêu cầu nghiệp vụ cho hệ thống dữ liệu từ nguồn, phối hợp xây dựng các yêu cầu dữ liệu phục vụ báo cáo, phân tích từ các hệ thống nguồn khác nhau như T24, W4,..
* Vận hành , phát triển \& tối ưu hóa luồng dữ liệu \- cả mảng dữ liệu \& sandbox cho các team Analytics
* Duy trì \& phát triển hệ thống từ điển dữ liệu cho khối KHCN Yêu cầu tuyển dụng1\. Trình độ Học vấn
* Đại học hoặc cao hơn liên quan đến 1 trong các ngành kinh tế, tài chính, ngân hàng, hoặc công nghệ thông tin, toán tin ứng dụng, ngoại thương...2\.Kiến thức/ Chuyên môn Có Liên Quan
* Có từ 2 năm kinh nghiệm ở vai trò Kỹ sư Dữ liệu hoặc vai trò tương đương
* Có kinh nghiệm thiết kế ở mức schema các hệ quản trị cơ sở dữ liệu
* Có kinh nghiệm cũng như kiến thức nghiệp vụ ngân hàng cũng như các hệ thống nghiệp vụ ngân hàng
* Có kinh nghiệm làm việc với các hệ thống dữ liệu: Data Warehouse/ Data LakeHouse/ Data Product
* Có kiến thức về các ngôn ngữ lập trình (SQL, Python, Spark)
* Có kinh nghiệm triển khai thực tế với các hệ thống IBM DWH, AWS, Databricks là 1 điểm cộng
* Có chứng chỉ về Data Engineer là 1 điểm cộng Quyền lợi và chế độ đãi ngộ
* Mức lương: 20\- 40 triệu \+ Thưởng dự án
* Đóng đầy đủ bảo hiểm
* Thưởng lễ, Tết
* Xét tăng lương hàng năm (8\-10 triệu/năm)
* Nghỉ phép theo quy định công ty
* Onsite dự án VPBank (dài hạn)
* Thử việc 2 tháng (lương thử việc 85%)",IT Services and IT Consulting,https://vn.linkedin.com/company/the-value-maximizer,https://media.licdn.com/dms/image/v2/C560BAQFQlS1u4mikHQ/company-logo_100_100/company-logo_100_100/0/1679561982486/the_value_maximizer_logo?e=2147483647&v=beta&t=WFle2B8eNGE3ce1__YExhJZmD-S_bp3Yw6zqROG0V0Y,,,,,,,,,,,,LinkedIn
li-4324698617,linkedin,https://www.linkedin.com/jobs/view/4324698617,,Data Engineer,Job Savvy,,2025-11-28,fulltime,,,,,,False,mid-senior level,Information Technology,,,"**Mô tả công việc** 



* Maintain and design relational databases to support enterprise application and physical data modelling according to project requirements for data acquisition and security as well as customer\-defined deliverables.
* Develop strategies for data modeling, design, and implementation to meet stated requirements for Metadata management, Online Transaction Data Stores, Data Lake, Data Marts and Extract Transform Load environments in batch processing and real\-time injection.
* Create and test physical data models for a variety of business data, applications, database structures and metadata tables to meet operational goals for performance and efficiency
* Carrying out day\-to\-day support for reporting system.



  
 



  
 



**Yêu cầu ứng viên** 



* At least 03 years of experience in Data Engineering.
* Proficient with some of the modern relational databases such as Oracle, DB2, DynamoDB, Postgres and SQL Server
* Hand\-on experiences AWS DMS, Amazon Kinesis Data Stream, S3, Glue and Glue Jobs
* Hand\-on experiences on designing and developing ETL solution by using AWS Glue and SSIS or other ETL tools
* Strong in writing T\-SQL, PL/SQL Good understanding of Data Modelling, processing, and warehouse techniques
* Skilled at optimizing large, complicated SQL statements Capable of troubleshooting common database issues Knowledge at reporting development with SSRS and Power BI
* Good written and oral communication skills in English.
* Have leadership experience is a plus





 ﻿
 





**Quyền lợi** 



* Salary review twice a year.
* Receive social insurance according to Vietnamese Government regulations.
* Working in a young and professional environment. Direct contact with English\-speaker foreign clients.
* Friendly \& Open working environment (daily tea break, weekly sports time, monthly outdoor activity, annual holiday).
* Support English courses, sport activities \& other team building activities.
* Obtain guidance and awareness of advanced technologies.
* Receive overtime\-working allowance.
* Working hours: 5 days/week (Monday to Friday).",Human Resources Services,https://vn.linkedin.com/company/jobsavvy-com,https://media.licdn.com/dms/image/v2/D560BAQF1ezQp6mliLA/company-logo_100_100/company-logo_100_100/0/1698122559173?e=2147483647&v=beta&t=N2sMbaFwx47Lv2QvM3ehPfRP16fwuHncK1_8E-IqYQU,,,,,,,,,,,,LinkedIn
li-4324599221,linkedin,https://www.linkedin.com/jobs/view/4324599221,,Chuyên viên Kiểm thử Dữ liệu - Data Tester - Khối Dữ liệu (HO25.493),MBBank,,2025-11-28,fulltime,,,,,,False,associate,Information Technology,,,"**Job Description** 



* Develop test scenarios and test cases based on approved data technology service requirements provided by business units.
* Participate in the System Integration Testing (SIT) phase to verify and validate data quality before delivery to end users.
* Monitor and ensure internal compliance with data development procedures and policies to guarantee data quality and governance.
* Collaborate with Business Analysts (BA) and Data Analysts (DA) to understand and analyze business requirements from various departments, document specifications, and provide user guidance.
* Work closely with BA/DA teams to translate business needs into clear, structured, and testable data requirements.



  





**Job requirements** 



* Bachelor’s degree in Information Technology, Telecommunications, Finance, Banking, Economics, or a related field.
* Minimum of 1 year of experience in the banking or financial sector, with an understanding of key banking operations such as Retail Banking, Corporate Banking, or general financial concepts (PnL, Balance Sheet, KPIs, etc.).
* ISTQB or other international software testing certifications are a plus.
* English proficiency: TOEIC score of 450 or equivalent.



  





**Application Instructions:** 




 Apply directly on the MB Bank recruitment page on https://careers.mbbank.com.vn/home\-page.
 



 MB Bank requires applicants to provide the following details:
 



 \- Personal information: Full name, Date of birth, Gender
 



 \- Contact phone number and Email
 



 \- Education level, Graduating school
 



 \- Work experience
 



 \- 3 to 5 standout skills
 



 \- Recruitment source
 



  





**Why should you apply directly via** 
 https://careers.mbbank.com.vn/home\-page
 **?** 




 \- Your application will be assessed quickly.
 



 \- Applicants should regularly check their email and phone to ensure they don't miss the interview schedule.",Banking,https://vn.linkedin.com/company/mbbank,https://media.licdn.com/dms/image/v2/C510BAQE43LPFo3ryJA/company-logo_100_100/company-logo_100_100/0/1630627496642?e=2147483647&v=beta&t=OyUnoabzFJeTdrpvaDn3vC2ZlNjZloV0gYk3P8hD9lA,,,,,,,,,,,,LinkedIn
li-4324186494,linkedin,https://www.linkedin.com/jobs/view/4324186494,,Senior Data Scientist,Data Nest,,2025-11-28,fulltime,,,,,,False,mid-senior level,,,,"Company Information 
 




 Founded in 2018, Data Nest is a dynamic and innovative company specialising in credit scoring, lead generation services and other products. By harnessing the power of Data Analytics and AI, we help finance companies to reduce their credit loss, to widen their consumer base, and to fasten their release of new financial services.
 





 We aim to transform the financial landscape through the strategic application of data analytics and AI and make a better society where financial services are accessible for everyone.
 





 Are you ready to be part of a dynamic and passionate team at the forefront of revolutionising the financial industry? Look no further – Data Nest is the place to be!
 




**Why Choose Data Nest?** 




**Market\-Leading Benefits:** 

 At Data Nest, we believe that our success is fueled by the talent and dedication of our team members. That's why we're proud to offer top\-notch benefits that set us apart from the rest!
 




**Innovation at its Core:** 

  We're not just another company; we're a hub of innovation, where your ideas are valued, and your creativity is encouraged.
 




**Exciting Challenges:** 

  We tackle challenges head\-on and view them as opportunities for growth. Join us in solving complex problems and pushing the boundaries of what's possible in the world of data analytics and AI.
 





 Apply now \- Your future start here !
 



 A. JOB DESCRIPTION
 
 We are looking for innovative data scientists to build and evolve our leading financial products. You will work with a team of young and talented scientists and engineers to build robust and scalable data models using big data pipelines, conduct advanced research in implementing state\-of\-the\-art ML and AI techniques, build high\-quality data services that are both real\-time and batch\-based.
 


 B. RESPONSIBILITIES
 * Develop our extensive range of products such as Credit Score, Fraud Score, Income Score, Lead Generation, etc.
* Utilize robust Big Data platform and powerful computation clusters to perform your day\-to\-day tasks of analysis, modeling, feature engineering, deployment and monitoring.
* Work with broad categories of structured and unstructured data such as tabular, text, media, etc. to improve ML models.
* Experience full MLOps practices: streamlined data pipeline, deployment, feature monitoring, model performance monitoring, business integration.
* Mentor
 
  Junior Data Scientists and provide them with practical guidance, as needed.
* Partner with business stakeholders to translate business challenges into data science projects with measurable outcomes.
* Communicate insights effectively to both technical and non\-technical stakeholders.
* Define team goals, manage project timelines, and ensure delivery of high\-quality, business\-impactful outcomes.
* Collaborate cross\-functionally teams to align data science initiatives with company strategy.
* Drive adoption of best practices, innovation, and continuous improvement within the Data Science team


 C. SKILLS \& QUALIFICATIONS 
 * Essential:
* Bachelor’s degree or higher qualification.
* Experienced in working with Python, SQL.
* Strong desire to learn about programming, statistics, ML, product, domain expertise, etc. Here we are avid learners, you’ll see.
* Hands\-on experience with Hadoop and Big Data related technologies such as Spark, Hive, Kafka,..
* Strong understanding of financial services and the digital banking products.
* Possess a data\-driven mindset and a passion for applying data science to solve real\-world business problems.
* Experience in managing complex data science projects from inception to completion.


 D. Why you will love
 * Challenging problems to solve with high impact to the society.
* High performing team members with strong backgrounds.
* Great problems to solve, great team to work with.
* Competitive starting salary.
* 13th salary, and bonuses depending on company profits, project rewards.
* Company\-provided Apple computers.
* Benefits for special holidays (Birthday, Marriage, Women’s Day, Tet Holidays, Mid\-Autumn, New born babies, International Children ‘s Day…)
* Social Insurance on TOTAL salary
* Support lunch 80\.000VND/day and Happy Friday.
* 12 days of annual leave and 1 day of birthday leave.
* Annual Health check\-up.
* Team building and company trip at 5\-stars resort.
* Support Grab for work.
* Health care insurance for employees and family.
* Life Insurance for the employee with indefinite contract.",Financial Services,https://vn.linkedin.com/company/datanest-vn,https://media.licdn.com/dms/image/v2/D560BAQEtQRodY000kA/company-logo_100_100/company-logo_100_100/0/1664333281405/datanest_vn_logo?e=2147483647&v=beta&t=mlAlVVUtJdIMVxuWoeF7t6PEZSfulRqojwJmH7aIG0A,,,,,,,,,,,,LinkedIn
li-4339198620,linkedin,https://www.linkedin.com/jobs/view/4339198620,,IT Business Analyst Trainee,AvePoint,"Ho Chi Minh City, Vietnam",2025-11-28,fulltime,,,,,,False,internship,Information Technology,,,"About AvePoint
 



 AvePoint is a leading global software company specializing in data management, security, and digital transformation solutions, especially for Microsoft 365, Google Workspace, and Salesforce environments.
 



  





**Company Overview** 




 AvePoint was founded in 2001, is headquartered in Jersey City, New Jersey, and has a significant presence worldwide including a major hub in Singapore, established in 2009\. It went public on NASDAQ in 2020 and now supports over 25,000 customers across more than 100 countries, managing more than 535 petabytes of data.
 



  





 On 19
 *th* 
 September 2025, AvePoint announced dual listing on Singapore Stock Exchange as part of the company’s global expansion plan.
 



  





  





 Job Description 
 


* AvePoint is building its R\&D team in HCMC and you will be part of the pioneering cohort of early employees in HCMC office.
* You will support senior developers and team lead to build features according to business requirements.
* You will write design documents.
* Fix bugs and build feature changes as required.
* Monitor code performance and support senior developers/ team lead to optimize performance



  





**Requirements** 



* College or university graduated, major in computer science or IT or equivalent
* Knowledge of object\-oriented programming and .NET (C\#)
* Proficient in using Visual Studio or Microsoft technology, HTML5, CSS3, JavaScript is an advantage
* Having a sense of responsibility, persistence
* Able to work independently and in a team
* Basic spoken and written English
* Chinese is a plus score during the interview.



 Work Location 
 



 Circo 222 Dien Bien Phu, Xuan Hoa Ward, Ho Chi Minh City.
 



  





  





 Benefits
 


* Trained on Software Development and Business English Communication skills by certified international trainers from Singapore, China, United States.
* Hone your communication skills in an English speaking environment.
* Opportunity to be converted to full\-time employee at the end of 3\-month training program.
* Opportunity to be offered a seat under 'Work Study Program in Singapore' to earn a master degree in AI \& Design while working in Singapore office.
* Dynamic, young environment to build career path in a global organization environment.",Data Security Software Products,https://www.linkedin.com/company/avepoint,https://media.licdn.com/dms/image/v2/C4D0BAQFb4VxM4FZCcg/company-logo_100_100/company-logo_100_100/0/1631309507529?e=2147483647&v=beta&t=439BbPXbMG_wzTc4uRoHutgOd-ASGv_5tszCogdb-6U,,,,,,,,,,,,LinkedIn
li-4324970767,linkedin,https://www.linkedin.com/jobs/view/4324970767,,Bench Team - Software Quality Analyst II - 2 positions,MiTek,"Tan Thanh, Quang Nam, Vietnam",2025-11-28,fulltime,,,,,,False,mid-senior level,Quality Assurance,,,"**Job Description**
 MiTek® is a global provider of building solutions for the residential and commercial construction industries. Utilizing software, services, engineered products, and automated manufacturing equipment, MiTek partners with clients to accelerate their genius and deliver breakthroughs in building.
   

  

 With a rich 60\-year history and a network of 6,500 team members worldwide, MiTek pairs local expertise with global capabilities. As a Berkshire Hathaway (NYSE: BRK\-A, NYSE: BRK\-B) company since 2001, MiTek has a record of continuous growth and innovation.
   

  

 Learn more at www.mii.com.
   

  

**A Brief Overview**
 Chịu trách nhiệm thử nghiệm các phần mềm kỹ thuật kết cấu, CAD, diễn họa, sản xuất, dịch vụ được thiết kế hoặc phần mềm quản lý kinh doanh. Bao gồm thiết kế, sáng tạo, chuẩn bị tài liệu và thực hiện kiểm tra các phần mềm theo phương pháp thủ công hoặc tự động. Cũng bao gồm việc xác minh các bản sửa lỗi và cải tiến, nghiên cứu báo cáo lỗi, xác minh các yêu cầu về phần mềm và cung cấp hỗ trợ về kỹ thuật. Là thành viên tích cực và quan trọng của nhóm phát triển Agile trong quy trình phát triển phần mềm và là thành viên then chốt của nhóm ra quyết định đánh giá rủi ro của các dự án khác nhau cùng với các nhà phát triển phần mềm và giám đốc sản phẩm. Cơ hội cố vấn cho thành viên khác về các nhiệm vụ công việc và cơ hội đào tạo chéo giữa các nhóm về tất cả các ứng dụng trong bộ phận phần mềm. Cung cấp hướng dẫn kỹ thuật và cố vấn cho các Nhà Phân Tích chất Lượng Phần Mềm và Cộng Sự, bên cạnh các trách nhiệm trong nhóm Phân tích chất lượng phần mềm.
   

  

 Responsible for testing complex Structural Engineering, CAD, visualization, manufacturing, Engineered Services or Business Management software. Including the design, creation, documentation of, and execution of complex software test cases in a manual or automated method. Also includes verification of bug fixes and enhancements, researching bug reports, verification of software requirements, and provide. technical Support. Is an active and critical member of an Agile Development team within software development process and is a key part of the decision\-making group to assess risk of various projects alongside software developers and product managers. Opportunities for mentoring others on required job duties and cross\-training across teams on all the applications within the software suite. Provide technical guidance and mentor to Associate and Software Quality Analysts, along with additional responsibilities within SQA team.
   

  

**Responsibilities**
**What You Will Do:**
* Đóng vai trò quan trọng của nhóm và chịu trách nhiệm ra quyết định cũng như đánh giá rủi ro của một số dự án nhất định để xác định thời điểm và vị trí thích hợp phát triển công việc cho nhóm kịp thời
* Cộng tác và đóng góp với bộ phận Quản Lý Phần Mềm và các nhóm phát triển khác về các yêu cầu của phần mềm để đảm bảo rằng các giải pháp hiệu quả, nhất quán và đáp ứng nhu cầu kinh doanh
* Cung cấp hướng dẫn kỹ thuật và cố vấn cho Cộng tác viên và Nhà phân tích chất lượng phần mềm cùng với các trách nhiệm bổ sung trong nhóm SQA và cơ hội dẫn dắt các cuộc họp nhóm
* Kiểm thử chức năng của tính năng mới và kiểm thử hồi quy các tính năng và chức năng hiện có cho mỗi bản phát hành phần mềm mới
* Làm việc trong môi trường phát triển phần mềm Agile, tham gia các buổi họp cam kết, xem xét và các cuộc họp lên kế hoạch
* Nghiên cứu các báo cáo lỗi từ các bên liên quan khác nhau và có thể hỗ trợ kỹ thuật
* Áp dụng các tiêu chuẩn Đảm Bảo Chất Lượng được chấp nhận rộng rãi và kỹ thuật để đảm bảo sự hiệu quả của logic chương trình và thao tác dữ liệu
* Có thể thiết kế độc lập các giải pháp chất lượng cho các tính vừa và nhỏ
* Tập trung vào kiểm tra thủ công (Nếu kiểm tra tự động không bắt buộc):
* Thiết kế, phát triển, lập tài liệu, đào tạo và thực hiện các trường hợp kiểm thử phần mềm phức tạp được sử dụng cho chu trình kiểm thử chức năng và hồi quy
* Tập trung vào kiểm tra tự đông (Nếu kiểm tra thủ công không bắt buộc):
* Áp dụng các tiêu chuẩn và kỹ thuật lập trình được chấp nhận rộng rãi để đảm bảo logic chương trình và thao tác dữ liệu hiệu quả
* Thiết kế, viết mã, kiểm tra và gỡ lỗi phần mềm mới và hiện có sử dụng các công nghệ cho dự án được giao. Điều này thường bao gồm JavaScript, C\#, tập lệnh SQL và ASP.NET trong công tác thử nghiệm
* Hiểu biết về việc lưu trữ và kiểm soát mã nguồn
* Cấu trúc lại các thử nghiệm hiện có
* Các công việc khác theo sự phân công
* Act as a critical part of the decision\-making group to assess risk of certain projects to determine appropriate timing and placement of development effort
* Collaborate and contribute with Software Product Management and other development teams on software requirements to ensure that solutions are efficient, consistent, and fulfill business needs
* Provide technical guidance and mentoring to Associate and Software Quality Analysts along with additional responsibilities within SQA team and opportunities to lead team meetings
* Functional testing of new features and regression testing of existing features and functionality for each new software release
* Work in an Agile software development environment, participating in commitment meetings, retrospectives, and planning meetings
* Researching bug reports from various stakeholders and may provide Technical Support
* Apply generally accepted Quality Assurance standards and techniques to assure efficient program logic and data manipulation
* Able to independently design quality solutions for small and medium features
* MANUAL TEST FOCUS (Optional if Auto Test Focus):
* Design, develop, document, train and execute complex software test cases used for functional and regression testing cycle
* AUTOMATED TEST FOCUS (Optional if Manual Test Focus):
* Apply generally accepted programming standards and techniques to assure efficient program logic and data manipulation
* Design, code, test and debug new and existing software utilizing technologies for the project assigned. This typically includes JavaScript, C\#, SQL scripts, and ASP.NET within a test framework
* Working understanding of Source Control
* Refactor existing tests
* Other reasonable duties as assigned


**Qualifications**
* Tốt nghiệp Đại học hoặc Cao đẳng, ngành Khoa học máy tính hoặc Kỹ sư máy tính
* Có từ 2 – 5 năm kinh nghiệm trong lĩnh vực phần mềm hoặc các lĩnh vực liên quan với kiến thức sơ lược về các quy trình và giải pháp phát triển toàn cầu
* Trình độ tiếng Anh (CEFR) B1\+ hoặc tương đương
* Có kỹ năng máy tính/ kỹ năng về phần mềm
* Có khả năng nghiên cứu, phân tích và giải quyết hầu hết các sự cố phần mềm trong môi trường mạng phức tạp
* Hiểu biết sâu sắc về dịch vụ khách hàng bao gồm việc thực hiện các quy định về sự hài lòng của nhân viên.
* University or College degree, major in Computer Science or Engineering
* Have 2 to 5 years experience within software or related industry with a cursory knowledge of global development practices and procedures
* English level (CEFR) B1\+ or equivalent
* Should have computer/software skills.
* Should be able to research, analyze, and resolve most software problems in complex network environments.
* Demonstrated internal customer service insights including the implementation of employee satisfaction charters",Construction,https://www.linkedin.com/company/mitek-industries-inc,https://media.licdn.com/dms/image/v2/D560BAQG7mdGiXGxenw/company-logo_100_100/company-logo_100_100/0/1707399665260/mitek_industries_inc_logo?e=2147483647&v=beta&t=L1lIbzxGttYxIpVk9nVMLTtveUnJdLlfI_tvCoCQSfc,,,,,,,,,,,,LinkedIn
li-4339881637,linkedin,https://www.linkedin.com/jobs/view/4339881637,https://careers.mantu.com/brands/amaris-consulting/jobs/41015?UTM_campaign=Job_Board_Linkedin&UTM_medium=Job_Offer_Linkedin&UTM_source=Linkedin&urlHash=6q7J,IT Business Analyst (Middle),Amaris Consulting,,2025-11-28,fulltime,,,,,,False,mid-senior level,Information Technology,,,"Who are we?
   

  

**Amaris Consulting** 
 is an independent technology consulting firm providing guidance and solutions to businesses. With more than 1,000 clients across the globe, we have been rolling out solutions in major projects for over a decade – this is made possible by an international team of 7,600 people spread across 5 continents and more than 60 countries. Our solutions focus on four different Business Lines: Information System \& Digital, Telecom, Life Sciences and Engineering. We’re focused on building and nurturing a top talent community where all our team members can achieve their full potential. Amaris is your steppingstone to cross rivers of change, meet challenges and achieve all your projects with success.
   

  

 At Amaris, we strive to provide our candidates with the best possible recruitment experience. We like to get to know our candidates, challenge them, and be able to give them proper feedback as quickly as possible. Here's what our recruitment process looks like:
   

  

**Brief Call** 
 : Our process typically begins with a brief virtual/phone conversation to get to know you! The objective? Learn about you, understand your motivations, and make sure we have the right job for you!
   

  

**Interviews** 
 (the average number of interviews is 3 \- the number may vary depending on the level of seniority required for the position). During the interviews, you will meet people from our team: your line manager of course, but also other people related to your future role. We will talk in depth about you, your experience, and skills, but also about the position and what will be expected of you. Of course, you will also get to know Amaris: our culture, our roots, our teams, and your career opportunities!
   

  

**Case study** 
 : Depending on the position, we may ask you to take a test. This could be a role play, a technical assessment, a problem\-solving scenario, etc.
   

  

 As you know, every person is different and so is every role in a company. That is why we have to adapt accordingly, and the process may differ slightly at times. However, please know that we always put ourselves in the candidate's shoes to ensure they have the best possible experience.
   

  

 We look forward to meeting you!
   

  

**Job Description**
**ABOUT THE JOB**
* Collaborate with business stakeholders to gather, analyze, and document business requirements, ensuring alignment with project goals and organizational strategy.
* Translate business needs into functional specifications and user stories for development and testing teams.
* Work closely with solution architects, developers, and testers to ensure requirements are clearly understood and implemented effectively.
* Perform gap analysis, process mapping, and propose improvements to existing workflows and systems.
* Support the preparation of business cases, feasibility studies, and cost\-benefit analysis for new initiatives.
* Act as a liaison between business users and IT teams to ensure smooth communication and timely issue resolution.
* Assist with UAT planning, execution, and validation of deliverables against requirements.
* Provide ongoing support and insights for system enhancements, ensuring continuous improvement in efficiency and customer experience.


**About You**
* Bachelor’s degree in Computer Science, Information Systems, Finance, or a related discipline.
* From 3\+ years of experience as a Business Analyst.
* Proven ability to gather and translate requirements into functional/technical specifications.
* Hands\-on experience with banking/insurance/financial domain is a good advantage.
* Hands\-on experience with tools such as JIRA, Confluence, or similar project management platforms.
* Excellent communication and stakeholder management skills, with the ability to bridge business and technical teams.
* Analytical and problem\-solving mindset with attention to detail.
* Knowledge of banking, insurance, or finanical service is an advantage.
* Good command of English is a plus.


**WHY AMARIS?**
* Competitive salary and 13th\-month salary
* 14\+ annual leaves per year
* Premium healthcare insurance, starting from your probation period
* Project reviews and yearly performance appraisals
* Annual company trips
* Teambuilding activities: Team lunch/dinner, events, and celebrations, sports clubs (football, yoga, badminton, etc.)
* International team with flexible working time \+ hybrid working
* Tailor\-made career path
* Technical workshops and training courses
* Mobility: Opportunities to be on\-site abroad in our offices in over 60\+ countries


**Equal Opportunity**
*Amaris Consulting is proud to be an equal opportunity workplace. We are committed to promoting diversity within the workforce and creating an inclusive working environment. For this purpose, we welcome applications from all qualified candidates regardless of gender, sexual orientation, race, ethnicity, beliefs, age, marital status, disability, or other characteristics.*",IT Services and IT Consulting,https://ch.linkedin.com/company/amarisconsulting,https://media.licdn.com/dms/image/v2/D4D0BAQHsB8-V6fxAMA/company-logo_100_100/company-logo_100_100/0/1729584227309/amaris_logo?e=2147483647&v=beta&t=Gas7jHUA97blxh3l23UWbQ8ly62Bj0PZgTYzH66bTzo,,,,,,,,,,,,LinkedIn
li-4336846354,linkedin,https://www.linkedin.com/jobs/view/4336846354,,"Application Deployment Engineer (VMware, Citrix, Powersell, Python)",MiTek Vietnam,,2025-11-28,fulltime,,,,,,False,associate,Information Technology,,,"Job description
 



*The Application Deployment Engineer is responsible for the practical execution of software deployment, focusing on preparing and validating applications for successful deployment. This role performs the detailed tasks encompassing application packaging, installation, and environment\-specific configuration. This position requires strong collaboration with various global departments to ensure strict cybersecurity controls and global IT processes are upheld. Also required is a strong technical aptitude, meticulous attention to detail, and a proactive approach to ensuring application readiness for seamless deployment across diverse environments.* 




  





**Responsibilities** 



* Deploy software applications and updates to various environments (development, testing, staging, production) following established procedures and using deployment automation tools.
* Assist in maintaining and configuring deployment environments, ensuring consistency and stability.
* Contribute to the development and improvement of automated deployment scripts and pipelines.
* Monitor application performance and system health post\-deployment, identifying and resolving deployment\-related issues promptly.
* Perform software installations, updates, and maintenance to ensure applications are up\-to\-date and functioning properly.
* Optimize application delivery processes to enhance efficiency and user experience.
* Collaborate with various departments to address application\-related issues and improve user experience.
* Document and implement application processes, development, and testing.
* Assist with the development and implementation of new application solutions as required.
* Reinforce Cybersecurity policies with end users in day\-to\-day engagements with same.
* Contribute to Global IT’s strategy for implementing and maintaining approved software catalogues



  





**Qualifications** 



* Bachelor’s Degree or equivalent experience.
* 1\+ years \- Experience in application support, installation, and troubleshooting.
* 1\+ years \- knowledge of Citrix or other application delivery systems (Azure Virtual Desktop, TSplus, Parallels\-Awingu...)
* 1\+ years \- Experience with software updates, application packaging, and managing deployments.
* 1\+ years – Experience with virtualization technologies (such as VMWare) is an advantage
* 1\+ years \- Intune and Azure (EntraID) experience
* Familiarity with operating systems (Windows and/or Linux), MS Active Directory, and basic networking fundamentals.
* Familiarity with at least one scripting language (e.g., Python).
* Able to use Microsoft Office Applications at a high level.
* ITIL4 Foundation Certification desired.
* Experience with ITSM tools such as ServiceNow or Jira.
* Exceptional organisational skills and time management skills.
* Outstanding written and verbal communication skills in English.



  





**Why You'll love working here** 




**1\. Bonus** 



* Competitive Salary
* 13th Month Salary
* Productivity Bonus



**2\. Healthcare Plan** 



* PVI Healthcare for employee
* 24/7 Personal Accident insurance
* Annual health check\-up program
* Social insurance, health insurance, unemployment insurance



**3\. Paid Leave** 



* 12 days annual leave
* 1 day Christmas leave



**4\. Training** 



* Linkedin Learning
* Free English training programs (Cambridge English Scale) at office
* MiTek University



**5\. Awards** 



* Staff of the month
* Staff of the company
* 100 Platinum starts



**6\. Library** 




**7\. Laptop** 




**8\. Oversea Travel Opportunities** 




**9\. Team Activities** 



* Yearly company trip
* Ha Long trip for employees who have worked for 3 years



**10\. Canteen** 



* Free lunch, parking, uniforms



  





**\+ Working location:** 
 onsite at MiTek office, Dist.7, HCMC, Vietnam.","IT System Data Services, IT System Testing and Evaluation, and IT System Operations and Maintenance",https://vn.linkedin.com/company/mitek-vietnam,https://media.licdn.com/dms/image/v2/C560BAQHBBkXcgLTVrA/company-logo_100_100/company-logo_100_100/0/1630664430568/platinum_global_co_ltd_logo?e=2147483647&v=beta&t=-cuOkdfuq2gD2VxXW_Qggq7cyTDEASytxNqNEF_tvSo,,,,,,,,,,,,LinkedIn
li-4324699426,linkedin,https://www.linkedin.com/jobs/view/4324699426,,Bench Team - Software Engineer I - 2 positions,MiTek,"Tan Thanh, Quang Nam, Vietnam",2025-11-28,fulltime,,,,,,False,entry level,Engineering and Information Technology,,,"**Job Description**
 MiTek® is a global provider of building solutions for the residential and commercial construction industries. Utilizing software, services, engineered products, and automated manufacturing equipment, MiTek partners with clients to accelerate their genius and deliver breakthroughs in building.
   

  

 With a rich 60\-year history and a network of 6,500 team members worldwide, MiTek pairs local expertise with global capabilities. As a Berkshire Hathaway (NYSE: BRK\-A, NYSE: BRK\-B) company since 2001, MiTek has a record of continuous growth and innovation.
   

  

 Learn more at www.mii.com.
   

  

**A Brief Overview**
 Kỹ sư Phần mềm là một vị trí với nhiệm vụ bao gồm tham gia vào toàn bộ chu trình phát triển phần mềm của từng dự án hoặc sản phẩm mà mình phụ trách. Báo cáo trực tiếp cho Quản Lý Bộ Phận, Kỹ Sư Phần Mềm phải đảm bảo cung cấp dịch vụ hiệu quả và nhanh chóng nhằm đáp ứng nhu cầu và kì vọng của khách hàng và tiếp tục phát triển cùng các thành viên trong nhóm.
   

  

 Software Engineer is a role which involves participating in the full software development lifecycle for each project or product you are assigned. Reporting to the Manager, the Software Engineer must ensure a smooth efficient service that meets the expectations and needs of our customers and continues to grow \& develop our staff.
   

  

**Responsibilities**
**What You Will Do:**
* Áp dụng các giải pháp kỹ thuật phần mềm tốt nhất nhằm đảm bảo chất lượng sản phẩm phần mềm và xây dựng một môi trường phần mềm tối ưu
* Theo dõi, phân tích và hoàn thiện quá trình phát triển phần mềm hiện tại, đồng thời hỗ trợ xác định phương án cải thiện phù hợp
* Liên lạc và tương tác với các thành viên trong nhóm nhằm đảm bảo sự tiến bộ liên tục
* Trao đổi với tất cả khách hàng và các cổ đông khác nhằm cung cấp được dịch vụ chất lượng cao nhất có thể
* Chủ động và tích cực tham gia với tư cách là một thành viên nhóm Phát Triển Phần Mềm MiTek Việt Nam, đoàn kết hướng đến mục tiêu trở thành một tổ chức vững mạnh
* Tham gia hỗ trợ các công việc hằng ngày của nhóm
* Thiết kế, lập trình, kiểm tra và gỡ rối, sử dụng công nghệ, công cụ phát triển và ngôn ngữ lập trình theo yêu cầu của dự án.
* Công tác với Quản Lý Sản Phẩm, Quản Lý Chất Lượng, DevOps, Kiến Trúc Sư phần mềm và các nhóm chức năng khác trong dự án (Ví dụ: Customer experience, Sales, Marketing), để đảm bảo rằng các giải pháp hiệu quả, nhất quán và đáp ứng nhu cầu kinh doanh.
* Làm việc trong môi trường phát triển phần mềm Agile (ví dụ: Scrum, Kanban), tham gia các cuộc họp cam kết, hồi cứu và lập kế hoạch
* Chuyên cần trong giờ làm việc bình thường và ngoài giờ theo yêu cầu
* Tham gia đánh giá các yêu cầu phần mềm
* Tái cấu trúc sản phẩm hiện tại
* Áp dụng các tiêu chuẩn phát triển sảm phẩm và đảm bảo chất lượng để đảm bảo thao tác logic và dữ liệu chương trình hiệu quả
* Tiếp tục xây dựng gia đình MiTek Việt Nam thông qua việc hỗ trợ khách hàng và đảm bảo cung cấp cho tất cả khách hàng dịch vụ chất lượng cao nhất.
* Các công việc khác theo sự phân công
* Implement software engineering best practices to ensure the quality creation of software, and create an environment of software excellence
* Monitoring, analyzing and improving the current development process – and help determine appropriate strategies for positive improvement
* Liaising and interacting with all team members to ensure continuous improvement
* Communicating with all customers and other stakeholders to the highest level of quality applicable
* Positively and proactively participate as a member of the MiTek Vietnam Software Center, united in the pursuit of operational excellence
* Participate in daily activities to support the Team
* Design, code, test, and debug software, utilizing technologies, development tools and languages as required for the project assigned
* Collaborate with Product Management, Software Quality Assurance, DevOps, Architecture, and other functional teams (e.g. Customer experience, Sales, Marketing), to ensure that solutions are efficient, consistent and fulfill business needs
* Work in an Agile software development environment (e.g. Scrum, Kanban), participating in commitment, retrospective and planning meetings
* Attendance during regular work hours and overtime as required
* Participate in requirements reviews
* Refactor existing software
* Apply generally accepted development and quality assurance standards and techniques to assure efficient program logic and data manipulation
* Continue to grow the MiTek Vietnam family by supporting the customers and ensuring the highest level of service is provided to all customers
* Other reasonable duties as assigned


**Qualifications**
* Tốt nghiệp Đại học hoặc Cao đẳng, ưu tiên chuyên ngành Khoa học máy tính hoặc Kỹ sư máy tính
* Có kinh nghiệm trong lĩnh vực phần mềm hoặc các lĩnh vực liên quan với kiến thức sơ lược về các quy trình và giải pháp phát triển toàn cầu.
* Trình độ tiếng Anh (CEFR) B1\+ hoặc tương đương
* Có khả năng đưa ra mục đích và hướng đi rõ ràng trong công việc
* Nắm bắt và truyền đạt các mục tiêu làm việc đo lường được
* Truyền đạt thông tin ngắn gọn và rõ ràng
* Hỗ trợ các thành viên trong nhóm trong quá trình đào tạo thực tế (hoặc khi được đào tạo)
* Giải quyết các vấn đề và mâu thuẫn theo hướng tích cực
* Tuân thủ theo các quy trình phù hợp của MiTek Việt Nam
* Xây dựng một môi trường làm việc trong đó các thành viên trong nhóm hỗ trợ và đoàn kết với nhau
* Có khả năng động viên và khuyến khích các thành viên trong nhóm đưa ra sáng kiến và đặt trọng tâm vào chất lượng
* Xác định các cơ hội nhằm cải thiện quá trình phát triển và cung cấp các dịch vụ
* Khuyến khích và hỗ trợ xây dựng một văn hóa làm việc trong đó các thành viên không ngừng phát triển
* Hỗ trợ các thành viên trong nhóm khi công ty có các thay đổi
* Có khả năng thể hiện được các giá trị cốt lõi của Công ty MiTek Việt Nam
* Hiểu biết sâu sắc về dịch vụ khách hàng bao gồm việc thực hiện các quy định về sự hài lòng của nhân viên.
* University or College degree, preferably major in Computer Science or Engineering
* Have experience within software or related industry with a cursory knowledge of global development practices and procedures.
* English level (CEFR) B1\+ or equivalent
* Be able to provide a clear purpose and direction to your sprint tasks
* Understand and communicate measurable performance objectives
* Communicate clearly and succinctly
* Support team members through on\-the\-job training (or being trained)
* Resolve problems and conflicts positively
* Conduct yourself in line with appropriate MiTek Vietnam procedures
* Create a supportive, inclusive environment within the team
* Ability to encourage and motivate staff to deliver on initiatives with a focus on quality
* Identify opportunities for better service delivery and development
* Promote and support continuous improvement culture
* Support team members through change processes
* Capability to live the MiTek Vietnam values
* Demonstrated internal customer service insights including the implementation of employee satisfaction charters.",Construction,https://www.linkedin.com/company/mitek-industries-inc,https://media.licdn.com/dms/image/v2/D560BAQG7mdGiXGxenw/company-logo_100_100/company-logo_100_100/0/1707399665260/mitek_industries_inc_logo?e=2147483647&v=beta&t=L1lIbzxGttYxIpVk9nVMLTtveUnJdLlfI_tvCoCQSfc,,,,,,,,,,,,LinkedIn
li-4324598936,linkedin,https://www.linkedin.com/jobs/view/4324598936,https://trustingsocial.hire.trakstar.com/jobs/fk0z69r?pjb_hash=Y7bAmjMPq4&urlHash=cKt1,Data Scientist - eKYC,Trusting Social Career Page,"Ho Chi Minh City, Ho Chi Minh City, Vietnam",2025-11-28,fulltime,,,,,,False,mid-senior level,Engineering and Information Technology,,,"Trusting Social is an AI Fintech pioneer that's revolutionizing credit access in emerging markets. Our mission is ""Advancing AI to Meet the Financial Needs of Everyday Consumers with Empathy."" We've assessed over 1 billion consumers across four countries, and we're on a mission to provide 100 million credit lines using the power of AI and Big Data.
   

  

**How You'll Make An Impact**
 As a Data Scientist, eKYC at Trusting Social, you will be instrumental in building cutting\-edge digital identity verification products for our eKYC (electronic Know Your Customer) projects. Your expertise in machine learning and computer vision will be crucial for developing robust systems to prevent fraud and money laundering. This role offers the opportunity to make a significant impact on revenue while also enhancing financial security, aligning with our strong social mission.
   

  

**What You'll Do**
* Develop Advanced ML Models: Build various machine learning models in computer vision, implementing novel solutions for diverse ML problems (supervised, semi\-supervised, unsupervised, one\-class).
* Research \& Implement Cutting\-Edge Algorithms: Research, design, and implement advanced ML models and algorithms to solve practical problems, optimizing for both performance and speed.
* Build Practical Vision Systems: Work with high\-dimensional image and video data to develop practical vision systems with a direct impact on revenue and profitability.
* Optimize for Deployment: Optimize and deploy ""tiny"" ML solutions for limited computation power devices like mobile and web platforms.


**What We're Looking For**
 We need a qualified, proactive, and technically skilled Computer Vision Data Scientist:
   

  

* Educational Background: BS/MS/PhD. in Computer Science, Statistics, Mathematics, or a related field.
* Experience: 4\+ years of experience in advanced Machine Learning, with a strong preference for experience in Computer Vision and Image Processing.
* Technical Proficiency: Must be proficient in Python and have experience with ML frameworks like TensorFlow, PyTorch, and ONNX.
* Problem\-Solving \& Insights: You're exceptional at asking the right questions that lead to actionable business insights, and you possess an aptitude for critically evaluating data outcomes, uncovering key insights, and challenging assumptions.
* Tooling Familiarity: Experience with managing data science and computer vision toolkits such as JupyterHub, CVAT, and OpenCV is a plus.
* Fundamental Understanding: A solid understanding of machine learning techniques and algorithms.
* Communication Skills: Ability to communicate complex quantitative analysis in a clear, precise, and actionable manner, coupled with great overall communication skills.
* Tech Adaptability: A keen interest and proven ability to leverage new technologies to enhance work quality and productivity.


**What We Offer**
 Join our vibrant team and enjoy:
   

  

* Competitive compensation, including 13th\-month salary and performance bonuses.
* Comprehensive health care coverage for you and your dependents.
* Generous leave policies and flexible work hours.
* Convenient District 1 office location (next to a future metro station).
* Onsite lunch with multiple options.
* Grab for work allowance and fully equipped workstations.
* Fun team\-building activities, sponsored sports clubs, and Thursday happy hours.
* Unlimited free coffee, tea, snacks, and fruit.
* A chance to make a profound social impact by helping to democratize credit access in emerging markets.


**Your Growth Journey at Trusting Social**
 At Trusting Social, we're invested in your professional development. You'll have the opportunity to:
   

  

* Learn from seasoned experts with over 15 years of industry experience.
* Accelerate your technical development and build a robust career in data science.
* Tackle a diverse range of cutting\-edge AI problems, including detection, classification, regression, OCR, LLM, anomaly detection, NLP, and generative models.
* Gain hands\-on experience across the full AI development lifecycle, from problem clarification and solution design to deployment, monitoring, and analysis of AI systems in production.
* Develop features for high\-impact digital identity verification products, including fraud prevention and anti\-money laundering solutions.
* Gain international exposure by learning from production deployments across diverse markets like Vietnam, the Philippines, India, and Indonesia.
* Collaborate closely with cross\-functional teams (product, infrastructure, engineering) to broaden your domain knowledge and enhance vital soft skills like communication, negotiation, and cross\-team collaboration.


 At Trusting Social, we live by ownership, integrity, and agility in execution. We believe in doing what's right, what's best, and what's innovative. If you're smart, driven, and want to make a difference in the world with the most advanced and fascinating technology, come join our team. We offer the runway to truly make an impact.
   

  

 For more information about us and a look at our office and people, please visit:
   

  

 https://www.youtube.com/watch?v\=inAEDGvOcL8\&t\=29s",Software Development,https://sg.linkedin.com/showcase/trusting-social/,https://media.licdn.com/dms/image/v2/C560BAQEJXrhUE2rtgg/company-logo_100_100/company-logo_100_100/0/1630659566262/trusting_social_logo?e=2147483647&v=beta&t=Kpo50NF6SzsEJjA3LmD-oBpuODZnuG89jg5dVzqXxjc,,,,,,,,,,,,LinkedIn
li-4324828723,linkedin,https://www.linkedin.com/jobs/view/4324828723,,[Fresher] Kỹ Sư Cầu Nối,SanAn Corporation Vietnam,"Thanh Hoa, Vietnam",2025-11-28,fulltime,,,,,,False,internship,Education and Training,,,"**Mô tả công việc:** 




 Với định hướng đào tạo các bạn có năng lực tiếng Nhật sẻ trở thành kỹ sư trong tương tai, SSV đang cần 2 bạn Fresher có chứng chỉ tiếng Nhật (N2\-N1\) sẽ được đào tạo trở thành BRSE hoặc COBOL Developer Tiếng Nhật trong tương lai với các nhiệm vụ:
 



  




* Tham gia và hoàn thành khóa training ngôn ngữ lập trình cobol của công ty (Thời gian 3 tháng)
* Tham gia/ học hỏi kinh nghiệm từ các dự án thực tế của công ty



  





**Yêu cầu:** 



* Đã đỗ kỳ thi năng lực tiếng Nhật JLPT(N2\~N1\)
* Có tư duy logic tốtTi
* Giao tiếp tương đương ít nhất level N2
* Có tinh thần ham học hỏi, tích cực và chủ động trong công việc
* Có khả năng làm việc độc lập và làm việc nhóm tốt
* Có đam mê, ưa thích môi trường CNTT
* Ưu tiên các ứng viên đã từng học tập và sinh sống tại Nhật
* Ưu tiên các ứng viên có thể làm việc lâu dài ở Thanh Hóa



  





**Quyền lợi:** 



* Tham gia thử việc trong thời hạn 03 (ba) tháng, bao gồm 02 giai đoạn như sau:



**Giai đoạn 1 (Tháng thứ nhất):** 



* Ứng viên thử việc với vị trí Lập trình viên (Developer – ngôn ngữ Cobol) nhằm làm quen với dự án, công nghệ và môi trường làm việc.



**Giai đoạn 2 (Tháng thứ hai và thứ ba):** 



* Ứng viên tiếp tục thử việc với vị trí Kỹ sư cầu nối (BrSE) để đánh giá năng lực chuyên môn, khả năng giao tiếp tiếng Nhật và kỹ năng quản lý dự án.



  




* Đ
 **ược hưởng mức lương thử việc trong khoảng từ 6\.000\.000 VNĐ đến 15\.000\.000 VNĐ/tháng. Sau 3 tháng trở thành nhân viên chính thức (Lương thỏa thuận)**
* Được đào tạo từ đầu về ngôn ngữ COBOL, quy trình phát triển phần mềm và được tiếp xúc với nghiệp vụ hệ thống chuyên ngành (Ví Dụ : ngân hàng, bảo hiểm, tài chính,... )Môi trường làm
* Môi trường làm việc công ty startup trẻ trung, vui vẻ, hòa đồng, thân thiện, chuyên nghiệp, được tiếp cận và làm việc với các công nghệ mới, năng động và lộ trình thăng tiến rõ ràng.
* Hưởng đầy đủ chế độ: BHYT, BHXH, BHTN…
* Được tham gia chế độ Bảo hiểm sức khỏe PVI khi trở thành nhân viên chính thức;
* Được tham gia các hoạt động văn hóa đoàn thể trong năm: Nghỉ mát, teambuilding, thể thao…
* Hưởng các chương trình phúc lợi nội bộ: Khám sức khỏe định kỳ, nghỉ 12 ngày/năm, thêm 1 ngày phép vào ngày sinh nhật của nhân viên và 2 Recharge days, Retreat days 6 ngày/năm đối với nhân viên nữ.
* Review tăng lương và thưởng 2 lần/năm (tăng lương theo thâm niên và thành tích)
* Thưởng Tết bao gồm: tháng lương thứ 13 \+ thưởng theo doanh số (dựa theo tình hình kinh doanh của công ty theo từng năm)
* Tham gia các buổi seminar chia sẻ về kỹ năng \& kiến thức từ các thành viên trong công ty và các developer nhiều năm kinh nghiệm.
* Cơ hội phát triển lên các vị trí key member, leader trong một môi trường công ty tăng trưởng nhanh.
* Thời gian làm việc Core time linh hoạt về thời gian, cho phép bạn tự quản lý lịch trình của mình;",IT Services and IT Consulting,https://vn.linkedin.com/company/sanan-corporation,https://media.licdn.com/dms/image/v2/D560BAQFpLC-8E_v0IA/company-logo_100_100/company-logo_100_100/0/1719452920245/sanan_corporation_logo?e=2147483647&v=beta&t=8gGhGMMO_jkCs0MHxpLiKMKU_4vEhJf_CQK_zIjwkGk,,,,,,,,,,,,LinkedIn
li-4324698040,linkedin,https://www.linkedin.com/jobs/view/4324698040,,Manual Tester,VMO,,2025-11-28,fulltime,,,,,,False,mid-senior level,Engineering and Information Technology,,ngoccb1@vmogroup.com,"**JOB DUTIES** 



* Execute manual test cases for Web and Mobile applications.
* Perform functional, regression, system, and integration testing.
* Conduct database testing using SQL/MySQL.
* Perform API testing using industry\-standard tools.
* Collaborate with developers, product owners, and stakeholders to clarify requirements and report defects.
* Document test cases, results, and test plans clearly and efficiently.
* Participate in client\-facing discussions when needed.
* Support performance testing activities when required.



  





**JOB REQUIREMENTS** 



* 4\+ years of experience in Manual Testing.
* Strong experience with database testing (SQL, MySQL).
* Hands\-on experience testing Web and Mobile applications.
* Experience in API testing.
* Excellent written and verbal communication skills; comfortable in client\-facing situations.
* Strong analytical thinking and problem\-solving abilities.
* Experience using Zephyr Scale or similar test management tools is a plus.
* Experience with performance testing tools (K6, JMeter) is a plus.
* Basic understanding of at least one programming language (JavaScript, Go, Python, or Java) is an advantage.



*Preferred Attributes* 



* Detail\-oriented, proactive, and organized.
* Ability to work both independently and within a team.



  





**BENEFITS** 




*OPPORTUNITIES AND CHALLENGES:* 



* Opportunity to work in a professional, modern and energizing setting.
* Challenging projects, possibilities, cutting\-edge technology, and problems.
* An open and dynamic working atmosphere that promotes the interchange of ideas, while also empowering you to work and create in your own style. Each employee's talent and accomplishments are valued, and outstanding employees are recognized and rewarded on a yearly basis.
* Opportunities for capacity development, as well as assistance with professional certification expenses, are available to those who work in the field (1 million \- 5 million).
* Some advanced certifications will cover the full cost of studying and taking the exam.



*ATTRACTIVE REWARDING POLICY AND WORK\-LIFE BALANCE:* 



* Review salary 1\-2 times/year, with the possibility of an unexpected salary rise based on capacity an infinite number of times per year
* Policy for 13th\-Month Salary Bonus and Holiday Bonuses According to Company Regulations.
* Holiday travel mode (package 5\-7 million/person), team building,...
* Full participation in social insurance, as well as a yearly health checkup at a reputable hospital.
* Comprehensive visit policy for personnel and relatives: birthday, marriage, childbirth, illness, etc.
* The football club, cycling car, badminton,... are just a few of the sports and cultural activities available.
* Allowance for classes and training awards: Learning Star of the Month,
* A chance to be the face of the year's study, the royalties...



  





 Email: ngoccb1@vmogroup.com",Information Technology & Services,https://vn.linkedin.com/company/vmogroup,https://media.licdn.com/dms/image/v2/D560BAQHEIJUU412k4A/company-logo_100_100/B56ZZ7akjHHgAQ-/0/1745827285988/vmogroup_logo?e=2147483647&v=beta&t=XlFYwMfjK2tVPjJlnWftgPUb2P2uWHOCBs2LV5SdSQE,,,,,,,,,,,,LinkedIn
li-4324688703,linkedin,https://www.linkedin.com/jobs/view/4324688703,,Senior Engineer,Headhunter,,2025-11-28,fulltime,,,,,,True,mid-senior level,Engineering and Information Technology,,,"Position:
 **Senior Software Engineer** 




 Salary range:
 **Up to 30M NET \+ Social insurance** 




 Benefits:
 **13th salary \+ 12 paid leaves** 




 Contract duration: 1 \- 2 years
 



 Working time: From Monday to Friday (8 hours/day)
 



 Employment type:
 **Full\-time** 




 Location:
 **Hoan Kiem Ward, Ha Noi.** 
 You will work in the client’s office for special events ( Release new version, deployment…). Normally you can apply
 **remote working** 




 Domain:
 **Core Baking Migration** 




 Interview process: 3 rounds
 



 Number of open positions: 4
 



**REQUIREMENTS:** 



* **5\+ years** 
**of experience** 
 in development (
 **Java preferred** 
 )
* Understanding of core banking (for migration and testing) (most important)
* Deep hands\-on experience with
 **Temenos T24/Transact** 
 (Ideally experience with the most recent version of
 **Temenos (v25\)** 
 which is the target version (from v18\))
* Deep experience with complicated data migrations (not necessarily Temenos), and the associated testing and orchestration",Human Resources Services,https://www.linkedin.com/company/headhuntervision,https://static.licdn.com/aero-v1/sc/h/aajlclc14rr2scznz5qm2rj9u,,,,,,,,,,,,LinkedIn
li-4339229192,linkedin,https://www.linkedin.com/jobs/view/4339229192,,Business Analyst,Avensys Consulting,"Hanoi, Hanoi, Vietnam",2025-11-28,fulltime,,,,,,False,mid-senior level,Engineering,,,"Avensys is a reputed global IT professional services company headquartered in Singapore. Our service spectrum includes enterprise solution consulting, business intelligence, business process automation and managed services. Given our decade of success we have evolved to become one of the top trusted providers in Singapore and service a client base across banking and financial services, insurance, information technology, healthcare, retail and supply chain.
 



  





**Senior Business Analyst** 




 The Senior Business Analyst is responsible for driving operational efficiency, enabling process improvement, and supporting delivery outcomes across the organisation. The role focuses on gathering and documenting business requirements, providing data\-driven insights, and ensuring alignment between business needs and organisational goals. This position also plays a key role in process automation, workflow optimisation, and performance reporting to support informed decision\-making.
 



  





**Key Responsibilities** 




 Gather, analyse, and document business requirements.
 



 Ensure traceability across change initiatives and delivery lifecycles.
 



 Develop workflows, process documentation, and standard operating procedures.
 



 Manage work items, backlogs, and documentation within Rally.
 



 Conduct data analysis to support decision\-making and produce insights.
 



 Create reporting outputs, metrics, and dashboards.
 



 Identify inefficiencies, pain points, and redundant processes.
 



 Recommend process improvements across workplace and operational streams.
 



 Drive process automation and tool consolidation initiatives.
 



 Support operational teams through process\-driven activities and systems understanding.
 



 Align productivity and process recommendations with organisational goals.
 



 Maintain continuity in tracking delivery outcomes and performance.
 



  





**Essential Capabilities** 




 Communication: Ability to clearly convey insights and recommendations to stakeholders at varying levels.
 



 Analysis: Strong capability to interpret data, workflows, and processes to identify inefficiencies and improvement opportunities.
 



 Process Improvement: Skilled in leading automation, tool consolidation, and process\-driven initiatives.
 



 Business Case Development: Experience developing cost models and business cases for BAU and project activities.
 



 Performance Metrics: Ability to define, track, and report on delivery performance and operational progress.
 



 Strategic Alignment: Ensure initiatives support enterprise goals and long\-term continuity.
 



 Project Understanding: Knowledge of project management principles, delivery practices, and change lifecycle.
 



 Reporting: Ability to extract, transform, and analyse data to develop meaningful reporting outputs
 



  





 Experience Requirements
 



 Strong communication and stakeholder\-management skills across varied business and technical levels
 



 Proven ability to identify stakeholders, gather requirements, and manage traceability through testing and acceptance.
 



 Experience working across multiple technology platforms and enterprise environments.
 



 Demonstrated success leading process improvement initiatives and driving operational efficiency.
 



 Familiarity with managing work items and documentation in tools such as Rally.
 



  





  





 Highly Desirable Tools \& Skills:
 



 Power BI – dashboarding and data visualisation
 



 Excel (advanced) – data analysis, modelling, and reporting
 



 SQL – querying and data extraction
 



 ServiceNow – service management and ticketing
 



 SharePoint / OneDrive / Teams – documentation and collaboration
 



 Confluence – knowledge management and documentation
 



 JIRA – agile delivery and backlog tracking
 



 SailPoint IIQ (myID) – identity and access management
 



 Active Directory – access control, user management
 



 PowerShell / Python – scripting, automation
 



 CI/CD tools (Jenkins, GitHub) – deployment automation
 



 TDD / BDD frameworks – test\-driven and behaviour\-driven development
 



 APIs / Microservices – integration and service architecture
 



 Zoom AI Companion / M365 Copilot – meeting intelligence and productivity tools
 



  





 To submit your application, please apply online or email your UPDATED CV in Microsoft Word format to joycetrieu@aven\-sys.com Your interest will be treated with strict confidentiality.
 







 CONSULTANT DETAILS:
 



 Consultant Name : Joyce Trieu
 



 Avensys Consulting Pte Ltd
 







 Privacy Statement: Data collected will be used for recruitment purposes only. Personal data provided will be used strictly in accordance with the relevant data protection law and Avensys' privacy policy",IT Services and IT Consulting,https://sg.linkedin.com/company/avensys-consulting-global,https://media.licdn.com/dms/image/v2/C510BAQHD6RnRvc1ZtA/company-logo_100_100/company-logo_100_100/0/1631385076205?e=2147483647&v=beta&t=TtBoZYNg61aTfWT-4Ifth7u8KVL-voNEuaH_fas1dnk,,,,,,,,,,,,LinkedIn
li-4082820334,linkedin,https://www.linkedin.com/jobs/view/4082820334,,Kỹ sư Kiểm thử phần mềm (Senior/Leader Tester),Viettel AI,,2025-11-28,fulltime,,,,,,False,mid-senior level,,,,"**Trung tâm Dịch vụ dữ liệu và Trí tuệ nhân tạo Viettel (VAI)** 
 là trung tâm công nghệ trẻ thuộc Tập đoàn Công nghiệp \- Viễn thông Quân đội (VIETTEL), nghiên cứu và phát triển các sản phẩm lĩnh vực Trí tuệ Nhân tạo, Dữ liệu lớn. 
 



**Viettel AI** 
 là hệ sinh thái bao gồm các công nghệ và sản phẩm đột phá, tiên phong trên nền tảng trí tuệ nhân tạo.
 



  





 Viettel AI hiện đang tuyển dụng ứng viên cho vị trí
 **Kỹ sư Kiểm thử phần mềm (Senior/Leader Tester)** 
 với các thông tin sau:
 


* **Địa chỉ làm việc:** 
 Toà EPIC – Số 19 Duy Tân, Cầu Giấy, Hà Nội.
* **Thời gian làm việc:** 
 8h00\-17h30 hoặc 8h30\-18h00 từ Thứ Hai – Thứ Sáu, nghỉ trưa từ 12h\-13h30\.



  





**1\. Mô tả công việc** 



* Tổ chức, thực hiện kiểm thử sản phẩm.
* Chịu trách nhiệm về kiểm thử trong toàn bộ dự án CNTT.
* Làm việc với Team Tech, Team BA và các phòng ban liên quan để thống nhất phạm vi kiểm thử, yêu cầu kiểm thử và kế hoạch kiểm thử.
* Xây dựng kế hoạch kiểm thử chi tiết; kịch bản kiểm thử và chuẩn bị dữ liệu kiểm thử.
* Thực hiện kiểm thử, ghi nhận kết quả kiểm thử, theo dõi việc xử lý lỗi và báo cáo tiến độ kiểm thử.
* Tham gia nghiệm thu nội bộ và phối hợp với nhóm dự án để triển khai và hỗ trợ, viết tài liệu hướng dẫn sử dụng chương trình, ...
* Quản lý, giám sát công việc của các thành viên trong nhóm: Phân công công việc, giám sát, đôn đốc các thành viên nhóm thực hiện công việc



  





**2\. Yêu cầu công việc** 



* Tốt nghiệp từ Cử nhân loại Khá trở lên các chuyên ngành liên quan đến CNTT.
* Ưu tiên ứng viên có kinh nghiệm từ 3\-4 năm trở lên ở vị trí chuyên viên hoặc từ 1 năm kinh nghiệm ở vị trí Leader Tester trở lên.
* Ưu tiên ứng viên đã có kinh nghiệm trong kiểm thử các dự án Products.
* Có chứng chỉ ISTQB advanced là lợi thế.
* TOEIC 650/990 trở lên.



  





**3\. Quyền lợi** 



* Đãi ngộ đáng mơ ước với thu nhập bình quân cạnh tranh: 12\-20M (Negotiable).
* Các khoản phúc lợi bằng tiền mặt: Khoảng hơn 2000$/năm.
* Là đồng nghiệp của đội ngũ chuyên gia công nghệ hàng đầu về các lĩnh vực như: DPI (Deep Packet Inspection), BigData, Machine Learning, AI (Artificial Intelligence), Data Mining, Speech Recognition, Virtual Assistant, NLP (Natural Language Processing),….
* Xem xét nâng lương tối thiểu 1 năm 1 lần.
* Chế độ 12 ngày nghỉ lễ, 12 ngày nghỉ phép và 3 ngày nghỉ dưỡng (trợ cấp 400 USD) hàng năm.
* Luôn được hưởng đầy đủ các chế độ BHXH, BHYT, BHTN và nghỉ phép, nghỉ ốm theo luật định sau khi ký Hợp đồng lao động.
* Được thư giãn, khơi nguồn sáng tạo với Happy Time mỗi ngày.
* Thưởng thức bữa trưa thơm ngon, được chọn lọc bởi các chuyên gia dinh dưỡng.
* Tiếp cận với những cơ hội thăng tiến hấp dẫn. Khai phá tiềm năng với các khoa đào tạo chuyên sâu về chuyên môn, hội thảo, khoá học theo nguyện vọng cá nhân.
* Làm việc trong các dự án trọng điểm của Tập đoàn với quy mô hệ thống lớn.
* Trải nghiệm sự đa văn hóa khi làm việc với nhân sự của Viettel tại hơn 10 quốc gia trên thế giới.",Software Development,https://vn.linkedin.com/company/viettelai,https://media.licdn.com/dms/image/v2/D560BAQG9ot9X6tqRhw/company-logo_100_100/company-logo_100_100/0/1723706378596/viettelai_logo?e=2147483647&v=beta&t=FIIX_FmZZEpXo8UFd-qp1aPoQQxG3WGd6m5bDwO22Vs,,,,,,,,,,,,LinkedIn
li-4339249627,linkedin,https://www.linkedin.com/jobs/view/4339249627,,Thực Tập Sinh Phần Mềm (tiếng Nhật),DXC Technology Vietnam,"Ho Chi Minh City, Vietnam",2025-11-28,fulltime,,,,,,False,internship,Information Technology,,,"**DXC Technology** 
 là tập đoàn Công nghệ Thông tin độc lập hàng đầu thế giới, đi đầu trong lĩnh vực cung cấp các giải pháp IT toàn diện cho hơn 6,000 khách hàng toàn cầu tại hơn 70 quốc gia trên toàn thế giới. DXC Việt Nam là chi nhánh thuộc tập đoàn DXC Technology \- trong 30 năm hoạt động tại Việt Nam với đội ngũ kỹ sư 1,200 nhân viên năng động, trình độ chuyên môn cao, DXC Việt Nam được xem như một hình ảnh xuất sắc của một trung tâm chất lượng cao cung cấp những giải pháp thế hệ mới cho khách hàng toàn cầu trong các lĩnh vực như Ứng dụng Di động, Trí tuệ nhân tạo, tự động hóa, hiện đại hóa các ứng dụng, tư vấn và triển khai SAP ERP cho các ngành công nghiệp khác nhau như Thương mại, Bảo hiểm, Ngân hàng, Sản xuất, Giáo dục, Chăm sóc Sức khỏe và Khoa học Đời sống…
 



  





 🎯
 **Yêu cầu công việc:** 



* Sinh viên mới tốt nghiệp chuyên ngành Khoa học Máy tính, Công nghệ Thông tin, Kỹ thuật Phần mềm hoặc các lĩnh vực kỹ thuật liên quan.
* Kỹ năng giao tiếp tiếng Nhật tốt, có chứng chỉ JLPT N4\+ là một lợi thế.
* Kỹ năng giao tiếp tiếng Anh trung bình.
* Có kiến thức hoặc kinh nghiệm làm việc liên quan đến một trong các ngôn ngữ lập trình hoặc công nghệ sau: Java/Java EE, .NET, C\#, Spring Boot, SQL, System, windows server, System, Linux, windows server, …
* Khả năng học hỏi nhanh và làm việc dưới áp lực cao.
* Kinh nghiệm làm việc trong các dự án phát triển phần mềm quốc tế sẽ là một lợi thế.
* Kỹ năng phân tích và giao tiếp tốt.
* Có khả năng làm việc độc lập và theo nhóm.



  





 🎁
 **Bạn sẽ nhận được:** 



* Mức lương cạnh tranh.
* Có Mentor hướng dẫn 1\-1 trong suốt chương trình Fresher.
* Cơ hội nâng cao trình độ tiếng Nhật trong môi trường giao tiếp.
* Đào tạo toàn diện với chương trình học chuyên nghiệp.
* Kinh nghiệm thực tế làm việc trên các dự án thực tế.
* Tiềm năng cao trở thành nhân viên chính thức sau khi hoàn thành chương trình đào tạo.
* Môi trường làm việc năng động và trẻ trung với nhiều cơ hội phát triển.
* Tài khoản học tập DXC miễn phí (đối tác với Udemy và LinkedIn).



  





 📍
 **Địa điểm làm việc:** 
 DXC Technology Office, Phường Tân Bình, Thành phố Hồ Chí Minh.",IT Services and IT Consulting,https://vn.linkedin.com/company/dxc-technology-vietnam,https://media.licdn.com/dms/image/v2/C560BAQF4noJt0xibPg/company-logo_100_100/company-logo_100_100/0/1630647641935/dxc_technology_vietnam_logo?e=2147483647&v=beta&t=hDgx8iwSlyq1Fzw_6r2Xy95COaVbv3Txwd_Jn28D-1g,,,,,,,,,,,,LinkedIn
li-4324609199,linkedin,https://www.linkedin.com/jobs/view/4324609199,,Application Engineer (Qt framework),Gremsy,"Ho Chi Minh City, Vietnam",2025-11-28,fulltime,,,,,,False,entry level,Engineering and Information Technology,,,"**MÔ TẢ CÔNG VIỆC** 




**● Phát triển ứng dụng đa nền tảng:** 
 Thiết kế, xây dựng và bảo trì các ứng dụng chạy trên nhiều nền tảng (iOS, Android, Web, Desktop) để điều khiển và giám sát hệ thống UAV, ưu tiên sử dụng framework Qt.
 



**● Tích hợp hệ thống:** 
 Kết nối ứng dụng với các hệ thống phần cứng và phần mềm của UAV, đảm bảo truyền dữ liệu ổn định và thời gian thực
 



**● Tùy chỉnh QGroundControl:** 
 Tùy chỉnh và phát triển thêm tính năng cho QGroundControl hoặc các ứng dụng tương tự để đáp ứng yêu cầu cụ thể của hệ thống UAV.
 



**● Tối ưu hóa hiệu suất:** 
 Đảm bảo ứng dụng hoạt động mượt mà, phản hồi nhanh và tối ưu tài nguyên trên các thiết bị khác nhau.
 



**● Nghiên cứu và phát triển:** 
 Đề xuất và triển khai các công nghệ mới nhằm nâng cao trải nghiệm người dùng và hiệu suất hệ thống.
 



**● Hợp tác nhóm:** 
 Làm việc chặt chẽ với các kỹ sư phần cứng, kỹ sư AI và đội ngũ thiết kế để đảm bảo tích hợp liền mạch giữa ứng dụng và hệ thống UAV.
 



**● Nghiên cứu và phát triển:** 
 Đề xuất và triển khai các công nghệ mới, đặc biệt là các giải pháp dựa trên Qt và QGroundControl, để nâng cao trải nghiệm người dùng và hiệu suất hệ thống.
 



  





**YÊU CẦU CÔNG VIỆC** 




 ● Tốt nghiệp đại học chuyên ngành Công nghệ Thông tin, Khoa học Máy tính, Kỹ thuật Phần mềm hoặc các lĩnh vực liên quan.
 



 ● Có ít nhất 1 năm kinh nghiệm phát triển ứng dụng đa nền tảng, sử dụng các framework như Qt, Flutter, hoặc React Native.
 



 ● Thành thạo các ngôn ngữ lập trình như C\+\+, Dart, JavaScript, TypeScript hoặc Python.
 



 ● Thành thạo framework Qt và có kinh nghiệm phát triển ứng dụng đa nền tảng (Desktop, Mobile) sử dụng Qt/C\+\+.
 



 ● Hiểu biết sâu về giao thức truyền thông (MQTT, WebSocket, REST API) và tích hợp với phần cứng.
 



 ● Có kinh nghiệm tùy chỉnh hoặc phát triển trên nền tảng QGroundControl là điểm cộng.
 



 ● Tư duy lập trình hướng đối tượng (OOP) và hướng chức năng (Functional Programming).
 



 ● Thành thạo các công cụ quản lý mã nguồn như Git.
 



 ● Kinh nghiệm với quy trình DevOps (CI/CD, Docker) là một lợi thế.
 



 ● Có kiến thức về hệ thống UAV, điều khiển thời gian thực hoặc IoT là một điểm cộng.
 



 ● Kỹ năng giải quyết vấn đề xuất sắc, tư duy logic và khả năng làm việc nhóm hiệu quả.
 



 ● Ưu tiên tiếng Anh tốt (đọc, viết, giao tiếp) để làm việc với tài liệu kỹ thuật và đội ngũ quốc tế.
 



  





**PHÚC LỢI** 




 ● Mức lương cạnh tranh, review lương 1\-2 lần/năm.
 



 ● Thời gian làm việc: 5 ngày/tuần (Thứ Hai \- Thứ Sáu).
 



 ● BHXH theo quy định, bảo hiểm sức khỏe nâng cao, kiểm tra sức khỏe định kỳ hàng năm.
 



 ● 12 ngày phép năm, thêm 1 ngày nghỉ hưởng lương trong ngày sinh nhật.
 



 ● Lương tháng 13, thưởng quý, thưởng cuối năm (dựa trên tình hình kinh doanh và performance của nhân viên). Thưởng các ngày lễ, Tết, sinh nhật,...
 



 ● Các sự kiện nội bộ: company trip, team trip, các hoạt động thể thao (chạy bộ, bóng đá,...), year\-end party,...
 



 ● Cung cấp trang thiết bị đầy đủ để phục vụ cho công việc.
 



 ● Cơ hội đào tạo, phát triển công việc.
 



 ● Môi trường làm việc trẻ trung, chuyên nghiệp và thân thiện. Cơ hội tiếp xúc \& làm việc với đối tác nước ngoài (\> 90% đối tác nước ngoài: Châu âu, Châu Mỹ, Đông Nam Á..). Sản phẩm của công ty là sản phẩm công nghệ nên sẽ rất tuyệt vời nếu ai có đam mê về công nghệ và muốn trải nghiệm sản phẩm của Gremsy.",Aviation and Aerospace Component Manufacturing,https://vn.linkedin.com/company/gremsy,https://media.licdn.com/dms/image/v2/C560BAQHChBXF4v--qw/company-logo_100_100/company-logo_100_100/0/1630660245763/gremsy_logo?e=2147483647&v=beta&t=o5ztX-uvyQgaSP5dznAGqMK-L5W3mgcOC_X1-Pzsvgg,,,,,,,,,,,,LinkedIn
li-4324867596,linkedin,https://www.linkedin.com/jobs/view/4324867596,,Mechatronics junior,EyeQ Tech,"Ho Chi Minh City, Vietnam",2025-11-28,fulltime,,,,,,False,internship,Engineering and Information Technology,,recruit@eyeq.tech,"𝐀𝐛𝐨𝐮𝐭 𝐔𝐬
 



* We are the leading computer vision company in Vietnam, known for innovative solutions and recognized through numerous prestigious awards:
* SK Accelerator 2020: Grand Prize Winner
* Visa Everywhere Initiative 2018: Champion
* Our unique culture encourages creativity, exploration, and personal growth. Learn more about our philosophy here:
 
 EyeQ Career Page
 
 .
* Recently we stepped into exciting fields that can be billions of dollars, aquaculture and agriculture. Look at what we’re building:
 
 https://youtu.be/watch?v\=yBiQp9BXsFA



  






 𝐀𝐛𝐨𝐮𝐭 𝐭𝐡𝐞 𝐑𝐨𝐥𝐞
 





 We are looking for a Mechatronics Junior to join the development of groundbreaking Robotic Vertical Farm systems. This is an opportunity to spearhead a cutting\-edge project that combines computer vision and advanced mechatronics, and make an impact on thousands of farmers’ lives.
 





 As a member of our team, you’ll be expected to design, implement automation systems. 
 




  






 𝐊𝐞𝐲 𝐑𝐞𝐬𝐩𝐨𝐧𝐬𝐢𝐛𝐢𝐥𝐢𝐭𝐢𝐞𝐬:
 



* Program microcontrollers (ESP, Arduino, .etc) to control the automation part of the farm. Sometimes it’s hands\-on (electronic wiring) work before transferring to the handy\-man team.
* Conduct system testing, debugging, and iterative improvements.
* Document designs, processes, and project updates for internal and external stakeholders.
* (Optional): Collaborate with the Computer Vision and Software teams to ensure seamless hardware\-software integration.



  






 𝐑𝐞𝐪𝐮𝐢𝐫𝐞𝐦𝐞𝐧𝐭𝐬:
 





 𝐌𝐮𝐬𝐭\-𝐡𝐚𝐯𝐞 𝐒𝐤𝐢𝐥𝐥𝐬:
 



* Strong problem\-solving mindset with an eye for details.
* Extensive experience with electronic components, sensors, and actuators used in smart systems.
* 3D design skill (using Solidworks or similar software)
* Strong microcontroller programming skills for ESP32 and STM32\.
* Knowledge of modern tools like MQTT, Socket.io, MongoDB, and Docker (or a willingness to learn).
* Track\-record of similar works, controlling smart farm, smart factories, .etc.



  






 𝐀𝐝𝐝𝐢𝐭𝐢𝐨𝐧𝐚𝐥 𝐒𝐤𝐢𝐥𝐥𝐬 (𝐚 𝐩𝐥𝐮𝐬):
 



* If you have any maker/scientific research prize during high school time, it’s a strong plus. Those include (but not limited to):
 

 Intel ISEF, National Science and Engineering Fair, .etc.
* If you blew up your room/house (and fixed it later), another plus.
* Basic experience with AI applications and computer vision systems.
* Understanding of system optimization and debugging for hardware\-software integration.
* Mechanical design thinking.



  






 𝐏𝐞𝐫𝐬𝐨𝐧𝐚𝐥 𝐀𝐭𝐭𝐫𝐢𝐛𝐮𝐭𝐞𝐬:
 



* Good communication skills
* A collaborative mindset with team success as top priority
* A strong desire to be outstanding and proud of your work.



  






 𝐁𝐞𝐧𝐞𝐟𝐢𝐭𝐬:
 



* Salary range: 12 \- 15 million VND/month, or you propose a number that can be justified by the value you create.
* Potential bonuses for outstanding achievement.
* Stock options (we’re a VC\-backed company).
* Access to free gym and swimming pool facilities.
* Flexible working hours with a results\-driven culture—no micromanagement.
* Regular team\-building activities and a collaborative work environment.
* Opportunity to work on a large\-scale product with significant impact.



  





**How to apply:** 





 Send your CV to
 
 recruit@eyeq.tech",Software Development,https://vn.linkedin.com/company/eyeq.tech,https://media.licdn.com/dms/image/v2/C4D0BAQE6ZT8OWd7j5g/company-logo_100_100/company-logo_100_100/0/1631349932102?e=2147483647&v=beta&t=C0RgrDSaTn2VDPqAzWBySdigw51uzR_0mHs4SX2RWvg,,,,,,,,,,,,LinkedIn
li-4181992159,linkedin,https://www.linkedin.com/jobs/view/4181992159,,Intern QA Engineer - Da Nang,AvePoint,"Đà Nang, Da Nang City, Vietnam",2025-11-28,internship,,,,,,False,internship,Engineering and Information Technology,,,"**Job Description**
* 
* Participate in the requirements discovery, testing of the software product.
* Using Waterfall model and Agile model in projects.
* Build and execute test cases.
* Use testing techniques such as black box testing, functional testing and regression testing
* Help the Senior QA Engineer with performance testing and security testing to ensure stable software products


**Requirements**
* 
* Senior college or university student.
* Able to work full\-time.
* Careful, good logical thinking, passionate about experimenting.
* Have a sense of responsibility, persistence.
* Able to work under pressure, hardworking, proactive, and responsible.
* Good communication skill.
* Proficiency in English is required, including speaking, listening, reading, and writing.
* Having certification in testing courses is an advantage.
* Major in computer science or IT or equivalent is an advantage


 Work Location
   

  

 2F Vinh Trung Plaza, No. 255\-257 Hung Vuong, Vinh Trung, Thanh Khe, Da Nang
   

  

**Benefits**
* 
* 5\-day workweek
* Young \& vibrant working environment with great career development opportunities
* Performance review and bonus
* Regular team building events \& internal activities (weekly happy hour, quarterly team building events, Lunar New Year parties, etc.)


 Any personal data you share with us during the application process will be processed strictly in compliance with applicable data protection laws and our Privacy Notice.",Data Security Software Products,https://www.linkedin.com/company/avepoint,https://media.licdn.com/dms/image/v2/C4D0BAQFb4VxM4FZCcg/company-logo_100_100/company-logo_100_100/0/1631309507529?e=2147483647&v=beta&t=439BbPXbMG_wzTc4uRoHutgOd-ASGv_5tszCogdb-6U,,,,,,,,,,,,LinkedIn
li-4320894491,linkedin,https://www.linkedin.com/jobs/view/4320894491,,Data Analyst - Vietnam,Globant,"Hanoi, Hanoi, Vietnam",2025-11-27,fulltime,,,,,,True,mid-senior level,Information Technology,,,"At Globant, we are working to make the world a better place, one step at a time. We enhance business development and enterprise solutions to prepare them for a digital future. With a diverse and talented team present in more than 30 countries, we are strategic partners to leading global companies in their business process transformation.
   

  

 We seek a
 **Data Analyst** 
 who shares our passion for innovation and change. This role is critical to helping our business partners evolve and adapt to consumers' personalized expectations in this new technological era.
   

  

**YOU WILL GET THE CHANCE TO:**
* Data Analysis and Interpretation:
* Analyse large datasets related to payment processing, card issuance, and customer transactions to identify trends, patterns, and insights.
* Use statistical techniques and data mining tools to interpret data and generate actionable insights.
* Develop and maintain dashboards and reports to visualize data and track key performance indicators (KPIs).
* Stakeholder Collaboration:
* Work closely with business units, product managers, and other teams to understand data requirements and business objectives.
* Provide analytical support to stakeholders by delivering data\-driven recommendations and insights.
* Data Quality and Integrity:
* Develop, maintain, and optimize data pipelines with a focus on using dbt for data transformations, ensuring clean, reliable, and accessible data for analysis.
* Work with data engineers to implement data validation and cleansing processes to maintain high data quality.
* Performance Optimization:
* Create and maintain scalable data models in Snowflake using dbt, following best practices in chosen modelling technique.


**WHAT WILL HELP YOU SUCCEED?**
* At least 4 years of experience in a Data Analyst/Analytics Engineer/Data Engineer role.
* Proficiency in building and managing data transformations with dbt.
* Experience in optimizing complex transformations and documentation.
* Hands\-on experience with Snowflake as a primary data warehouse, including knowledge of performance optimization, data modeling, and query tuning.
* Strong proficiency in data analysis tools and languages (e.g., SQL, Python).
* Strong understanding of data modeling principles and experience applying modeling techniques.
* Proficiency with data visualization tools such as Tableau, Power BI, or similar.
* Experience with cloud\-based data solutions (e.g., AWS, Azure, Google Cloud).
* Familiarity with modern data architecture such as data Lakehouse.
* Good at English skills.


 Nice to have:
   

  

* Knowledge of payment processing system, card issuance, and related services
* Familiarity with regulatory requirements and security standards in the financial industry.


 This job can be filled in Hanoi/Danang \- Hybrid Working, Ho Chi Minh \- Remote Full\-time
   

  

 Create with us digital products that people love. We will bring businesses and consumers together through AI technology and creativity, driving digital transformation to impact the world positively.
   

  

 We may use AI and machine learning technologies in our recruitment process. Globant is an Equal Opportunity employer. All qualified applicants will receive consideration for employment without regard to race, color, religion, sex, national origin, disability, veteran status, or any other characteristic protected by applicable federal, state, or local law. Globant is also committed to providing reasonable accommodations for qualified individuals with disabilities in our job application procedures. If you need assistance or an accommodation due to a disability, please let your recruiter know.
   

  

 Final compensation offered is based on multiple factors such as the specific role, hiring location, as well as individual skills, experience, and qualifications. In addition to competitive salaries, we offer a comprehensive benefits package. Learn more about life at Globant here: Globant Experience Guide.",IT Services and IT Consulting,https://www.linkedin.com/company/globant,https://media.licdn.com/dms/image/v2/D4D0BAQHupr1U3gIQKA/company-logo_100_100/company-logo_100_100/0/1719839010650/globant_logo?e=2147483647&v=beta&t=cnVqgncFTu2OSAYyxTuyXBl9ZCL8NyWDh9IT5bkgwBE,,,,,,,,,,,,LinkedIn
li-4324586120,linkedin,https://www.linkedin.com/jobs/view/4324586120,,Data Engineer (SQL/ Python),Relia Software - Reliable Software Development Company,"Ho Chi Minh City, Vietnam",2025-11-27,fulltime,,,,,,False,mid-senior level,Information Technology,,,"At
 **Relia** 
 , our team is passionate about using technology to make the everyday person’s life better. We’re looking for driven people who making it easy and convenient for everyone.
 



 Want to join an innovative team where you’ll constantly be inspired by your co\-workers and projects? Relia might be the perfect team for you! We admire and reward creativity and teamwork so check out some of our career opportunities to see if there is a fit for you at our vibrant company. We’d love to hear from you!
 


* Location: Nguyen Kiem Street, Phu Nhuan District, HCMC
* Office hour: Monday – Friday (9:00 AM – 6:00 PM)



  





**Key Responsibilities:** 



* Design, build, and operate batch and near–real\-time data pipelines across POS/ERP/WMS, e\-commerce, marketing, and external data sources.
* Implement orchestration (Airflow/Prefect/Dagster) with clear SLAs, monitoring, and robust incident handling.
* Own schema design and data modeling for core domains such as Products, SKUs, Inventory, Sales, Suppliers, and Warehouses.
* Develop and optimize the data warehouse (BigQuery/Snowflake/Redshift) and dbt models supporting forecasting, replenishment, and operational analytics.
* Establish strong data quality practices: validation, anomaly detection, lineage, dashboards, and debugging tools.
* Partner with DS/ML teams to deliver feature stores, training datasets, data versioning, and pipelines for model deployment.
* Implement security, governance, access control, and maintain clear documentation (data dictionaries, lineage, runbooks).



**Requirement:** 



* **4\+ years of experience as a Data Engineer.**
* **Strong SQL and solid Python skills (pandas/PySpark is a plus).**
* Hands\-on experience with modern data warehouses: BigQuery, Snowflake, or Redshift.
* Experience building production ETL/ELT pipelines using Airflow, Prefect, Dagster, dbt, or similar tools.
* Strong understanding of data modeling (star/snowflake schemas, SCD, event modeling).
* Experience with cloud platforms (GCP/AWS/Azure) and basic infra (Docker, CI/CD).
* Good English communication skills



**Benefits:** 



* Annual salary review
* Hybrid working
* 5\-days working week (Monday\-Friday) – working hours are between 9 am to 6 pm
* 12 days of annual leave
* Flat organization and open communication
* Friendly working environment and flexible working hours.
* Great opportunity to develop career, collaborate with English speaking developers
* Free parking at the building
* 13th salary, insurance.
* The company organizes Team building every year (Free tickets for 01 relative to accompany\-",Information Technology & Services,https://vn.linkedin.com/company/relia-software,https://media.licdn.com/dms/image/v2/C4E0BAQHRcd8MW8NoEQ/company-logo_100_100/company-logo_100_100/0/1631373100497?e=2147483647&v=beta&t=5jrCplr1Y0f4GQtpjwTSMU2sMdwY3AVTKY6tOgJVdw8,,,,,,,,,,,,LinkedIn
li-4324656412,linkedin,https://www.linkedin.com/jobs/view/4324656412,,Associate Support Analyst,Confluence,"Ho Chi Minh City, Ho Chi Minh City, Vietnam",2025-11-27,fulltime,,,,,,False,entry level,Information Technology,,,"**Department:** 
 Client Experience
 



**Location:** 
 Ho Chi Minh City
   

  




**Description**
 Vietnam \- HCMC\- HYBRID
   

  

**Why Confluence?**
 At Confluence, we’ve always been driven by a commitment to innovation, precision, and partnership in the investment data space. Our global footprint now spans multiple countries, giving our employees the opportunity to get exposure to other countries and cultures. And it stands to reason that none of this would have been possible without the hundreds of hard\-working employees who work at Confluence.
   

  

**More about the role \& team**
 As a Support Analyst, you’ll be the friendly expert who helps clients through calls and emails, solving their problems and guiding them step\-by\-step to solutions. You’ll tackle challenges, escalate complex issues, and connect clients with the right resources when needed. 📞💡
   

  

 Your day\-to\-day will include keeping records organized, processing important documents, answering client questions, and keeping databases up to date. You’ll also prepare progress reports and work closely with managers to keep everything running smoothly. 🗂️📊
   

  

 As an Associate Support Analyst, you’ll:
   

  

* Apply best practices with guidance from experienced colleagues
* Execute tasks with attention to detail and a positive attitude
* Create basic insights and recommendations in your area of expertise
* Support your team and begin to lead tier\-one support efforts for straightforward issues


**What skills and experience do I need to succeed?**
 Are you passionate about solving problems and supporting clients? 🤝 Do you thrive in a collaborative environment and want to grow your career in consulting? 🌱 We’re looking for an enthusiastic Associate Support Analyst to join our dynamic team!
   

  

 💼 What You’ll Do:
 * 📞 Provide exceptional support to clients via calls and correspondence
* 🛠️ Troubleshoot issues and deliver step\-by\-step solutions
* ⏫ Escalate complex problems and refer clients to specialized services when needed
* 🗂️ Maintain accurate records, process documents, and update databases
* 📊 Prepare progress reports and coordinate with managers
* 🤝 Collaborate with team members and external partners to ensure deliverables are met
* 📝 Participate in solution design, configuration, testing, and documentation
* 🔍 Contribute to operational monitoring and process improvements
* 💬 Communicate professionally with stakeholders at all times
* ⏰ Enjoy flexible work hours to support 24/7 client coverage


 🏆 What You Bring:
 * 🎓 Bachelor’s degree in a relevant field
* 📅 Minimum 2 years of work experience
* 🧩 Strong problem\-solving, analytical, and critical thinking skills
* ⏳ Excellent time management and communication abilities
* 🫶 Client\-focused mindset and ability to work in a fast\-paced environment
* 🥇 Certifications such as CFA, CIPM, ITIL, or FRM are a plus!


 🌟 Why Join Us?
 * 🤗 Be part of a supportive, innovative team
* 📈 Opportunities for professional growth and development
* 💥 Make a real impact for our clients and business


 Ready to take the next step in your career?
   

**Apply now and help us deliver outstanding client support!** 
 ✨
   

  

  

**What do we offer?**
 Confluence offers generous benefit packages for team members. As a growing, global organization, we are always looking for ways to ensure that our employees can access benefits that matter to them and their families. This includes:
   

  

 🕚 Generous
 **Time Off** 
 packages including additional half days with each public holiday in your location.
   

 🌎
 **Global Career Development** 
 opportunities
   

 🎊
 **Social Events**
 💵
 **Referral Bonus scheme** 
 \- Upto $3,000 per successful referral
   

 🚀
 **Plus many more!**
**More about the Location**
 We offer flexible working options for all employees.
   

  

  

  

**Values**
 We look for people who align with our 4 values.
   

  

**Integrity**
 Face reality with honesty, courage and accountability
   

**Imagination**
 Deal creatively with challenges and envision what the world could be
   

**Discipline**
 Build good habits into reflexes which become a part of our life
   

**Service**
 Committed to the success of others
   

  

**If you would like to find out more about a Career at Confluence, please apply today.
   

  

 Pre\-Employment Screening Disclaimer**
 As part of our recruitment process, we carry out identity checks on all candidates. Offers of employment are conditional upon the completion of satisfactory background checks prior to the commencement of work. These checks may include verification of identity, right to work in the UK, employment history, and other relevant pre\-employment screening.
   

  

 Please note that additional checks may be required depending on the nature of the role and the jurisdiction in which the role is based or operates. These may include, but are not limited to, criminal record checks or financial background checks where applicable.",Financial Services,https://www.linkedin.com/company/confluence-technologies,https://media.licdn.com/dms/image/v2/D560BAQGzsKwD4lc7vg/company-logo_100_100/company-logo_100_100/0/1728514105312/confluence_technologies_logo?e=2147483647&v=beta&t=hhXroY3VEwPXWkTrQrwXK1gfdqjSfXRCHXNBQRdhLew,,,,,,,,,,,,LinkedIn
li-4334495343,linkedin,https://www.linkedin.com/jobs/view/4334495343,,Senior Data Analyst (40000032),Techcombank (TCB),,2025-11-27,fulltime,,,,,,False,mid-senior level,Information Technology,,,"**Job Purpose**
* The job holder advises and provides business with insights from massive amounts of structured and unstructured potential data to help shape or meet specific business objectives.
* The job holder will build data science solutions using advance machine learning and deep learning methods, recommendation engines, statistical analysis, data mining and data visualization techniques, to create solutions that enable enhanced business performance.


**Key Accountabilities (1\)**
 Data Solutioning
   

  

* Build algorithms and work with machine learning and deep learning tools to deliver advance analytics solutions across the firm including recommendation engines, customized data models, customer journeys, graph modes, etc.
* Mine and analyze data from company’s databases to drive optimization and improvement of business strategies.
* Use predictive modelling to increase and optimize customer journey experiences, revenue generation and other business outcomes.
* Analyze data for trends and patterns and interpret the data with clear objective in mind.
* Execute and review data science projects in an agile manner and in compliance with internal regulatory requirements.


**Key Accountabilities (2\)**
 Data Insighting
   

  

* Lead the identification and interpretation of meaningful and actionable insights from large data and metadata sources.
* Develop processes and tools to monitor and analyze model performance and data accuracy.
* Interact with 1\-2 squads to identify questions and issues for data analysis.
* Assess the effectiveness and accuracy of new data sources and data gathering techniques.


**Key Accountabilities (3\)**
**Key Relationships \- Direct Manager**
 Manager, Data Science
   

  

**Key Relationships \- Direct Reports**
**Key Relationships \- Internal Stakeholders**
 Teams within the Transformation Office and relevant departments in the Bank
   

  

**Key Relationships \- External Stakeholders**
 Partners providing professional services
   

  

**Success Profile \- Qualification and Experiences**
**Qualifications**
* Bachelor's degree in Statistics, Mathematics, Quantitative Analysis, Computer Science, Software Engineering or Information Technology


 Work Experience
   

  

* 5\+ years of relevant experience in areas of data analysis, machine learning, deep learning model development on large amount of data, implementing and deploying various statistical models
* English proficiency requirements are pursuant to Techcombank's policy
* Experience in querying databases and using programming languages (e.g. C, C\+\+, R, Python, Scala, SQL, Java, Tableau, R)
* Experience communicating complex analysis and models across a diverse team
* Experience using of data optimization (linear / non\-linear) to solve constrained business problems
* Understanding of Agile principles, practices and Scrum methodologies
* Experience working in Agile teams to support digital transformation projects",Banking,https://vn.linkedin.com/company/techcombank,https://media.licdn.com/dms/image/v2/C560BAQGxZkC9HU-9EQ/company-logo_100_100/company-logo_100_100/0/1630641591686/techcombank_logo?e=2147483647&v=beta&t=simZ-DCx-jLPmitLY1R9sdUyvvKHa9vWI_9RdB2pcoI,,,,,,,,,,,,LinkedIn
li-4334453887,linkedin,https://www.linkedin.com/jobs/view/4334453887,,"BI Analyst (Supply Analytics, Bangkok-based, Relocation provided)",Agoda,"Ho Chi Minh City, Ho Chi Minh City, Vietnam",2025-11-27,fulltime,,,,,,True,mid-senior level,"Research, Analyst, and Information Technology",,,"**About Agoda**
 At Agoda, we bridge the world through travel. Our story began in 2005, when two lifelong friends and entrepreneurs, driven by their passion for travel, launched Agoda to make it easier for everyone to explore the world.
   

  

 Today, we are part of Booking Holdings \[NASDAQ: BKNG], with a diverse team of over 7,000 people from 90 countries, working together in offices around the globe. Every day, we connect people to destinations and experiences, with our great deals across our millions of hotels and holiday properties, flights, and experiences worldwide.
   

  

 No two days are the same at Agoda. Data and technology are at the heart of our culture, fueling our curiosity and innovation. If you’re ready to begin your best journey and help build travel for the world, join us.
   

  

**THIS ROLE IS BASED IN BANGKOK, THAILAND (WITH RELOCATION PROVIDED)
   

  

 Location: Bangkok, Thailand (\*Not open for remote work)**
**Get to Know our Team:**
 As part of the Supply Analytics, you will be responsible for identifying new partners and opportunities, cultivating a relationship with them, and working together with them to deliver the best outcome for our end customers. You would also be responsible with managing the day\-to\-day interaction with the partner and working closely with other teams within Agoda to ensure the partners needs are met.
   

  

 We design tailored business and product solutions with our partners and help them generate measurable value. Members of our team are empowered and supported to grow their market(s) or accounts. We develop win\-win relationships and leverage Agoda’s unique accommodations portfolio and tech solutions to bring our partners the advantages they seek. Utilizing our strong brand and resources, we build new channels to increase the visibility of Agoda, introduce more travelers to our great products and service and deliver significant revenues to the overall business.
   

  

**The Opportunity:**
 As a BI Analyst, you will report directly to either the Senior Manager or Associate Director within the Supply Department and this will be an individual contributor role. You will be responsible and fully empowered to work with the partners on the ground. You will be supported by a team within the Supply department and work closely with other Team members within Agoda.
   

  

**In this Role, you’ll get to** 
 :
   

  

* Translate internal briefs into analytical projects (to include refining the initial brief and asking the ‘right questions’, working through potential hypotheses and storyboarding the output)
* Use and analyze data from multiple large\-scale data warehouses and present statistically strong analysis to a wide range of business stakeholders.
* Proactively identify opportunities for growth within supply and the wider business.
* Drive new analytical initiatives and projects aimed at improving organizational efficiency and shaping Agoda supply.
* Identify, support, and lead projects aimed at scaling up the way the Supply organization leverages on data, insights, and intelligence.
* Automate manual operational processes and present back on time savings gained through modernization of business operations


**What you’ll Need to Succeed** 
 :
   

  

* At least 2\-5\+ years of experience working as an Analyst with experience in analytics/data science/insights/strategy/BI
* Advanced working knowledge and hands\-on experience in SQL
* Strong knowledge and hands\-on experience in data visualization tools such as Tableau (preferably)
* Expert domain of data analysis and data visualization tools and software such as Excel, Python (or R)
* Bachelor’s degree ideally in a business or quantitative subject (e.g. computer science, mathematics, engineering, science, economics or finance).
* A good understanding of statistical modelling knowledge or any machine learning technique knowledge (such as hypothesis testing, regression, logistic regression, random forest, etc.)
* Good stakeholder management experience. Comfortable presenting to senior leadership and C\-suite.
* Experience in conducting A/B testing experimentation
* Strong experience in finding data insights and provide business recommendation to the business
* A hacker’s mindset – the ability to build simple but clever and elegant solutions to new problems within significant resource, operational and time constraints through deep understanding of the business, creative problem solving, and a wide range of expertise in data, analytics, automation, programming, and prototyping.
* Excellent communicator with superior written, verbal, presentation and interpersonal communication skills.
* Data driven in both decision making and performance measurement.
* Extreme comfort in ambiguous, fast\-paced environment.
* Ability to multi\-task, prioritize and coordinate resources.


**It’s Great if you Have:**
* MBA or Masters in a quantitative subject (e.g. computer science, mathematics, engineering, science, economics or finance).
* Program management certifications (e.g. PMI, PRINCE2\) to compliment your program management experience.
* Asian market experience.
* Travel industry / e\-commerce / tech / consulting experience.


 \#sanfrancisco \#sanjose \#losangeles \#sandiego \#oakland \#denver \#miami \#orlando \#atlanta \#chicago \#boston \#detroit \#newyork \#portland \#philadelphia \#dallas \#houston \#austin \#seattle \#washdc \#tirana \#yerevan \#sydney \#melbourne \#perth \#vienna \#graz \#baku \#minsk \#brussels \#antwerp \#ghent \#charleroi \#saopaolo \#sofia \#toronto \#vancouver \#montreal \#shanghai \#beijing \#shenzhen \#zagreb \#cyprus \#prague \#Brno \#Ostrava \#copenhagen \#cairo \#alexandria \#giza \#estonia \#helsinki \#paris \#nice \#marseille \#rouen \#lyon \#toulouse \#tbilisi \#berlin \#munich \#hamburg \#stuttgart \#cologne \#frankfurt \#dusseldorf \#dortmund \#essen \#Bremen \#leipzig \#dresden \#hanover \#nuremberg \#athens \#hongkong \#budapest \#bangalore \#newdelhi \#jakarta \#bali \#bandung \#dublin \#telaviv \#milan \#rome \#naples \#turin \#palermo \#venice \#bologna \#florence \#tokyo \#osaka \#yokohama \#nagoya \#okinawa \#fukuoka \#sapporo \#amman \#irbid \#riga \#beirut \#tripoli \#vilnius \#luxembourg \#kualalumpur \#malta \#chisinau \#amsterdam \#oslo \#jerusalem \#manila \#warsaw \#krakow \#sintra \#porto \#braga \#cascais \#loures \#amadora \#almada \#doha \#alrayyan \#bucharest \#moscow \#saintpetersburg \#riyadh \#jeddah \#mecca \#medina \#belgrade \#singapore \#bratislava \#capetown \#johannesburg \#seoul \#barcelona \#madrid \#valencia \#seville \#bilbao \#malaga \#oviedo \#alicante \#laspalmas \#zaragozbanga \#stockholm \#zurich \#geneva \#basel \#taipei \#tainan \#taichung \#kaohsiung \#Phuket \#bangkok \#istanbul \#ankara \#izmir \#dubai \#abudhabi \#sharjah \#london \#manchester \#edinburgh \#kiev \#hcmc \#hanoi \#sanaa \#taiz \#aden \#gibraltar \#marrakech \#lodz \#wroclaw \#poznan \#Gdansk \#szczecin \#bydgoszcz \#lublin \#katowice \#rio \#salvador \#fortaleza \#brasilia \#belo \#belem \#manaus \#curitiba \#portoalegre \#saoluis
   

  

**Discover More About Working At Agoda**
* Agoda Careers https://careersatagoda.com
* Facebook https://www.facebook.com/agodacareers/
* LinkedIn https://www.linkedin.com/company/agoda
* YouTube https://www.youtube.com/agodalife


**Equal Opportunity Employer**
 At Agoda, we pride ourselves on being a company represented by people of all different backgrounds and orientations. We prioritize attracting diverse talent and cultivating an inclusive environment that encourages collaboration and innovation. Employment at Agoda is based solely on a person’s merit and qualifications. We are committed to providing equal employment opportunity regardless of sex, age, race, color, national origin, religion, marital status, pregnancy, sexual orientation, gender identity, disability, citizenship, veteran or military status, and other legally protected characteristics.
   

  

 We will keep your application on file so that we can consider you for future vacancies and you can always ask to have your details removed from the file. For more details please read our privacy policy.
   

  

**Disclaimer**
 We do not accept any terms or conditions, nor do we recognize any agency’s representation of a candidate, from unsolicited third\-party or agency submissions. If we receive unsolicited or speculative CVs, we reserve the right to contact and hire the candidate directly without any obligation to pay a recruitment fee.","Technology, Information and Internet",https://sg.linkedin.com/company/agoda,https://media.licdn.com/dms/image/v2/D560BAQF4ydNm0C94QQ/company-logo_100_100/B56ZoqhrdiJoAQ-/0/1761650063828/agoda_logo?e=2147483647&v=beta&t=pxcmyD2wpE76qFeYvsiA69VTEfw84p0-iL5QGGnbTE8,,,,,,,,,,,,LinkedIn
li-4334593283,linkedin,https://www.linkedin.com/jobs/view/4334593283,,"BI Analyst (Supply Analytics, Bangkok-based, Relocation provided)",Agoda,"Hanoi, Hanoi, Vietnam",2025-11-27,fulltime,,,,,,True,mid-senior level,"Research, Analyst, and Information Technology",,,"**About Agoda**
 At Agoda, we bridge the world through travel. Our story began in 2005, when two lifelong friends and entrepreneurs, driven by their passion for travel, launched Agoda to make it easier for everyone to explore the world.
   

  

 Today, we are part of Booking Holdings \[NASDAQ: BKNG], with a diverse team of over 7,000 people from 90 countries, working together in offices around the globe. Every day, we connect people to destinations and experiences, with our great deals across our millions of hotels and holiday properties, flights, and experiences worldwide.
   

  

 No two days are the same at Agoda. Data and technology are at the heart of our culture, fueling our curiosity and innovation. If you’re ready to begin your best journey and help build travel for the world, join us.
   

  

**THIS ROLE IS BASED IN BANGKOK, THAILAND (WITH RELOCATION PROVIDED)
   

  

 Location: Bangkok, Thailand (\*Not open for remote work)**
**Get to Know our Team:**
 As part of the Supply Analytics, you will be responsible for identifying new partners and opportunities, cultivating a relationship with them, and working together with them to deliver the best outcome for our end customers. You would also be responsible with managing the day\-to\-day interaction with the partner and working closely with other teams within Agoda to ensure the partners needs are met.
   

  

 We design tailored business and product solutions with our partners and help them generate measurable value. Members of our team are empowered and supported to grow their market(s) or accounts. We develop win\-win relationships and leverage Agoda’s unique accommodations portfolio and tech solutions to bring our partners the advantages they seek. Utilizing our strong brand and resources, we build new channels to increase the visibility of Agoda, introduce more travelers to our great products and service and deliver significant revenues to the overall business.
   

  

**The Opportunity:**
 As a BI Analyst, you will report directly to either the Senior Manager or Associate Director within the Supply Department and this will be an individual contributor role. You will be responsible and fully empowered to work with the partners on the ground. You will be supported by a team within the Supply department and work closely with other Team members within Agoda.
   

  

**In this Role, you’ll get to** 
 :
   

  

* Translate internal briefs into analytical projects (to include refining the initial brief and asking the ‘right questions’, working through potential hypotheses and storyboarding the output)
* Use and analyze data from multiple large\-scale data warehouses and present statistically strong analysis to a wide range of business stakeholders.
* Proactively identify opportunities for growth within supply and the wider business.
* Drive new analytical initiatives and projects aimed at improving organizational efficiency and shaping Agoda supply.
* Identify, support, and lead projects aimed at scaling up the way the Supply organization leverages on data, insights, and intelligence.
* Automate manual operational processes and present back on time savings gained through modernization of business operations


**What you’ll Need to Succeed** 
 :
   

  

* At least 2\-5\+ years of experience working as an Analyst with experience in analytics/data science/insights/strategy/BI
* Advanced working knowledge and hands\-on experience in SQL
* Strong knowledge and hands\-on experience in data visualization tools such as Tableau (preferably)
* Expert domain of data analysis and data visualization tools and software such as Excel, Python (or R)
* Bachelor’s degree ideally in a business or quantitative subject (e.g. computer science, mathematics, engineering, science, economics or finance).
* A good understanding of statistical modelling knowledge or any machine learning technique knowledge (such as hypothesis testing, regression, logistic regression, random forest, etc.)
* Good stakeholder management experience. Comfortable presenting to senior leadership and C\-suite.
* Experience in conducting A/B testing experimentation
* Strong experience in finding data insights and provide business recommendation to the business
* A hacker’s mindset – the ability to build simple but clever and elegant solutions to new problems within significant resource, operational and time constraints through deep understanding of the business, creative problem solving, and a wide range of expertise in data, analytics, automation, programming, and prototyping.
* Excellent communicator with superior written, verbal, presentation and interpersonal communication skills.
* Data driven in both decision making and performance measurement.
* Extreme comfort in ambiguous, fast\-paced environment.
* Ability to multi\-task, prioritize and coordinate resources.


**It’s Great if you Have:**
* MBA or Masters in a quantitative subject (e.g. computer science, mathematics, engineering, science, economics or finance).
* Program management certifications (e.g. PMI, PRINCE2\) to compliment your program management experience.
* Asian market experience.
* Travel industry / e\-commerce / tech / consulting experience.


 \#sanfrancisco \#sanjose \#losangeles \#sandiego \#oakland \#denver \#miami \#orlando \#atlanta \#chicago \#boston \#detroit \#newyork \#portland \#philadelphia \#dallas \#houston \#austin \#seattle \#washdc \#tirana \#yerevan \#sydney \#melbourne \#perth \#vienna \#graz \#baku \#minsk \#brussels \#antwerp \#ghent \#charleroi \#saopaolo \#sofia \#toronto \#vancouver \#montreal \#shanghai \#beijing \#shenzhen \#zagreb \#cyprus \#prague \#Brno \#Ostrava \#copenhagen \#cairo \#alexandria \#giza \#estonia \#helsinki \#paris \#nice \#marseille \#rouen \#lyon \#toulouse \#tbilisi \#berlin \#munich \#hamburg \#stuttgart \#cologne \#frankfurt \#dusseldorf \#dortmund \#essen \#Bremen \#leipzig \#dresden \#hanover \#nuremberg \#athens \#hongkong \#budapest \#bangalore \#newdelhi \#jakarta \#bali \#bandung \#dublin \#telaviv \#milan \#rome \#naples \#turin \#palermo \#venice \#bologna \#florence \#tokyo \#osaka \#yokohama \#nagoya \#okinawa \#fukuoka \#sapporo \#amman \#irbid \#riga \#beirut \#tripoli \#vilnius \#luxembourg \#kualalumpur \#malta \#chisinau \#amsterdam \#oslo \#jerusalem \#manila \#warsaw \#krakow \#sintra \#porto \#braga \#cascais \#loures \#amadora \#almada \#doha \#alrayyan \#bucharest \#moscow \#saintpetersburg \#riyadh \#jeddah \#mecca \#medina \#belgrade \#singapore \#bratislava \#capetown \#johannesburg \#seoul \#barcelona \#madrid \#valencia \#seville \#bilbao \#malaga \#oviedo \#alicante \#laspalmas \#zaragozbanga \#stockholm \#zurich \#geneva \#basel \#taipei \#tainan \#taichung \#kaohsiung \#Phuket \#bangkok \#istanbul \#ankara \#izmir \#dubai \#abudhabi \#sharjah \#london \#manchester \#edinburgh \#kiev \#hcmc \#hanoi \#sanaa \#taiz \#aden \#gibraltar \#marrakech \#lodz \#wroclaw \#poznan \#Gdansk \#szczecin \#bydgoszcz \#lublin \#katowice \#rio \#salvador \#fortaleza \#brasilia \#belo \#belem \#manaus \#curitiba \#portoalegre \#saoluis
   

  

**Discover More About Working At Agoda**
* Agoda Careers https://careersatagoda.com
* Facebook https://www.facebook.com/agodacareers/
* LinkedIn https://www.linkedin.com/company/agoda
* YouTube https://www.youtube.com/agodalife


**Equal Opportunity Employer**
 At Agoda, we pride ourselves on being a company represented by people of all different backgrounds and orientations. We prioritize attracting diverse talent and cultivating an inclusive environment that encourages collaboration and innovation. Employment at Agoda is based solely on a person’s merit and qualifications. We are committed to providing equal employment opportunity regardless of sex, age, race, color, national origin, religion, marital status, pregnancy, sexual orientation, gender identity, disability, citizenship, veteran or military status, and other legally protected characteristics.
   

  

 We will keep your application on file so that we can consider you for future vacancies and you can always ask to have your details removed from the file. For more details please read our privacy policy.
   

  

**Disclaimer**
 We do not accept any terms or conditions, nor do we recognize any agency’s representation of a candidate, from unsolicited third\-party or agency submissions. If we receive unsolicited or speculative CVs, we reserve the right to contact and hire the candidate directly without any obligation to pay a recruitment fee.","Technology, Information and Internet",https://sg.linkedin.com/company/agoda,https://media.licdn.com/dms/image/v2/D560BAQF4ydNm0C94QQ/company-logo_100_100/B56ZoqhrdiJoAQ-/0/1761650063828/agoda_logo?e=2147483647&v=beta&t=pxcmyD2wpE76qFeYvsiA69VTEfw84p0-iL5QGGnbTE8,,,,,,,,,,,,LinkedIn
li-4257914350,linkedin,https://www.linkedin.com/jobs/view/4257914350,,Junior Salesforce Developer,AvePoint,"Đà Nang, Da Nang City, Vietnam",2025-11-27,fulltime,,,,,,False,entry level,Information Technology,,,"**Overview**
 We are looking for a Salesforce Developer to join our team and support government and enterprise customers in their digital transformation journey. You will be responsible for the customization, extension, and integration of Salesforce, delivering solutions tailored to customer\-specific requirements across Sales Cloud, Service Cloud, or other Salesforce modules.
   

  

 If you're passionate about solving real\-world problems through scalable Salesforce solutions and have strong hands\-on development skills, we’d love to hear from you.
   

  

 Key Responsibilities
   

  

* Work closely with customers, business analysts, and architects to understand requirements and translate them into technical designs
* Develop custom Salesforce components using Apex, LWC, Visualforce, SOQL, and Flow
* Customize standard and custom objects, workflows, approval processes, and validation rules
* Implement Salesforce integration with external systems via REST/SOAP APIs, middleware, or third\-party connectors
* Participate in technical planning, estimation, and code reviews
* Ensure solutions follow Salesforce best practices and comply with security and performance requirements
* Support data migration, sandbox deployment, and production rollout


**Requirements**
* Basic understanding and some hands\-on experience with Salesforce development.
* Familiarity with Apex, LWC, Flow Builder, and Salesforce DX.
* Exposure to Sales Cloud, Service Cloud, or other Salesforce modules.
* Good understanding of Salesforce platform architecture, security, and governor limits.
* Familiarity with or exposure to Salesforce integrations with external systems (REST/SOAP APIs, middleware)
* Familiarity with CI/CD tools for Salesforce (Gearset, Copado, Jenkins, etc.)
* Experience with Agile/Scrum methodologies
* Good communication skills and a collaborative mindset.
* A strong desire to learn and grow within the Salesforce ecosystem.


 Certifications
   

  

* Preferred: Salesforce Platform Developer I
* Nice to have: Platform Developer II, Sales Cloud Consultant, Service Cloud Consultant, JavaScript Developer I, Sharing \& Visibility Designer, Integration Architect
* Bonus: Application Architect, System Architect (part of CTA path), Admin or Advanced Admin


**Preferred Qualifications**
* Experience working with public sector clients or in regulated environments
* Prior experience in Salesforce Community Cloud / Experience Cloud
* Knowledge of Data Loader, SOQL, and deployment tools
* Background in JavaScript, HTML/CSS for LWC components
* Familiarity with Salesforce AppExchange packages


 Any personal data you share with us during the application process will be processed strictly in compliance with applicable data protection laws and our Privacy Notice.",Data Security Software Products,https://www.linkedin.com/company/avepoint,https://media.licdn.com/dms/image/v2/C4D0BAQFb4VxM4FZCcg/company-logo_100_100/company-logo_100_100/0/1631309507529?e=2147483647&v=beta&t=439BbPXbMG_wzTc4uRoHutgOd-ASGv_5tszCogdb-6U,,,,,,,,,,,,LinkedIn
li-4277528647,linkedin,https://www.linkedin.com/jobs/view/4277528647,https://job-boards.greenhouse.io/hyphenconnect/jobs/4810149007&urlHash=EBWG,Tech Lead (Web3),Hyphen Connect,,2025-11-27,fulltime,,,,,,False,mid-senior level,Engineering and Information Technology,,,"We are hiring for one of our ecosystem projects at Asia's leading web3 venture studio. Our global team of researchers, engineers, designers, operators, and crypto veterans is \#BUIDLing the next digital economy. We are firm believers in the ethos and paradigm\-shifting potential of crypto. Our portfolio companies and advisory clients benefit from our long\-term, hands\-on approach, from concept to full\-fledged venture.
   

  

 We are seeking a passionate and skilled
 **Tech Lead** 
 to join our dynamic team. In this role, you will lead the technical vision, design, and development of innovative web3 projects, guiding a team of engineers to deliver scalable, secure, and high\-performance decentralized solutions that shape the future of the digital economy.
   

  

**In This Role, You Will**
* Lead Technical Strategy and Architecture: Define and drive the technical roadmap for web3 projects, designing scalable, secure, and high\-performance architectures for both frontend and backend systems. Oversee the integration of blockchain technologies, ensuring alignment with project goals and the company’s vision.
* Guide Development of Web Applications: Oversee the design and development of responsive, mobile\-friendly, and pixel\-perfect user interfaces using modern frameworks like React and TypeScript, as well as robust server\-side logic, APIs, and database integrations using Node.js and related technologies.
* Mentor and Lead Engineering Teams: Provide technical guidance and mentorship to a team of full stack and blockchain engineers, fostering a culture of collaboration, innovation, and excellence. Conduct code reviews to enforce coding standards, best practices, and style guidelines.
* Drive Blockchain Integration: Lead the implementation of blockchain\-based functionalities, including wallet connectivity, smart contract interactions, and transaction processing, using tools like Ethers.js, Hardhat, or similar. Collaborate with blockchain engineers to ensure secure, efficient, and seamless integrations.
* Optimize Performance and Scalability: Champion best practices for optimizing application performance, including code bundling, caching, lazy loading, and database query optimization, to deliver fast, reliable, and scalable user experiences.
* Ensure Quality and Reliability: Develop and oversee comprehensive testing strategies, including unit tests, integration tests, and end\-to\-end tests, to ensure the reliability and quality of both frontend and backend systems.
* Collaborate Across Teams: Work closely with product managers, designers, and stakeholders to translate business requirements into technical solutions. Communicate technical concepts effectively to non\-technical team members and align development efforts with project timelines and goals.
* Stay Ahead of Industry Trends: Keep abreast of emerging technologies, frameworks, and trends in web3, blockchain, and software development to ensure the team adopts cutting\-edge tools and practices.


**You Might Thrive In This Role If You Have**
* Educational Background: Bachelor’s or Master’s degree in Computer Science, Software Engineering, or a related field.
* Proven Technical Leadership: 8\+ years of experience in software development, with at least 2 years in a technical leadership or lead developer role, overseeing full stack or web3 projects. Expertise in React, TypeScript, and modern JavaScript frameworks; Node.js, Express, or similar frameworks; and RESTful API development with database management (e.g., MongoDB, PostgreSQL).
* Deep Blockchain Expertise: Strong understanding of blockchain concepts and hands\-on experience leading the integration of smart contracts and decentralized applications (dApps). Familiarity with tools like Ethers.js, Hardhat, or similar.
* Experience with Scalable Architectures: Proven ability to design and implement scalable, secure, and high\-performance architectures for web applications, with a focus on optimizing both frontend and backend systems.
* Leadership and Mentorship Skills: Demonstrated experience mentoring and leading engineering teams, fostering collaboration, and driving technical excellence. Ability to conduct effective code reviews and enforce best practices.
* Strong Problem\-Solving Skills: Proficiency in debugging, troubleshooting, and optimizing complex systems, with a focus on delivering high\-quality, secure, and scalable solutions.
* Excellent Communication: Exceptional communication and collaboration skills, with the ability to translate technical concepts to non\-technical stakeholders and work effectively in a fast\-paced, team\-oriented environment.
* Adaptability and Initiative: Self\-motivated, adaptable, and able to manage multiple priorities while guiding the team through changing project requirements and tight deadlines.",Staffing and Recruiting,https://www.linkedin.com/company/hyphen-connect,https://media.licdn.com/dms/image/v2/D560BAQGkEqO8eFR8LA/company-logo_100_100/B56ZdERklrGQAQ-/0/1749197147409/hyphen_connect_logo?e=2147483647&v=beta&t=tlEz1uO505dvIXZ5OIHxVbPy8J3j0RMgnmfirqkYIFw,,,,,,,,,,,,LinkedIn
li-4324885741,linkedin,https://www.linkedin.com/jobs/view/4324885741,https://trustingsocial.hire.trakstar.com/jobs/fk0z6k8?pjb_hash=Y7bAmjMPq4&urlHash=8V9j,Senior Data Scientist - Credit Insight,Trusting Social Career Page,"Ho Chi Minh City, Ho Chi Minh City, Vietnam",2025-11-27,fulltime,,,,,,False,mid-senior level,Engineering and Information Technology,,,"Trusting Social is an AI Fintech pioneer that's revolutionizing credit access in emerging markets. Our mission is ""Advancing AI to Meet the Financial Needs of Everyday Consumers with Empathy."" We've assessed over 1 billion consumers across four countries, and we're on a mission to provide 100 million credit lines using the power of AI and Big Data.
   

  

**How You'll Make An Impact**
 The Credit Insight team consists of highly skilled and passionate data scientists who are committed to staying current with the latest advancements in data science, machine learning, and artificial intelligence. Our team tackles a wide range of areas including credit scoring, fraudulent activity detection, profit optimization, and developing advanced technologies such as conversational AI. By analyzing extensive datasets that capture daily customer behavior, we continuously uncover unique and intriguing machine learning and business challenges. Our goal is to build robust machine learning models that enhance user experience and optimize the profitability of our financial products.
   

  

**What You'll Do**
* Train and Fine\-tune LLM Models: Develop and refine large language models to follow instructions, comprehend customer inquiries, and communicate naturally and effectively.
* Design and Develop LLM Agents: Create and tailor LLM agents to meet specific business needs and objectives.
* Build Evaluation Frameworks: Establish comprehensive evaluation frameworks to assess the performance and effectiveness of LLM agents.
* Feedback Collection and Model Improvement: Develop systems for collecting user feedback and iteratively improving model performance based on this feedback.
* Develop Other ML Models: Design and implement various types of machine learning models to address diverse business needs.
* Collaboration and Consultation: Work closely with peers, colleagues, and managers to resolve issues and achieve shared goals.
* Develop other ML models.


**What We're Looking For**
* Post Graduate degree (Masters or Ph.D.) in Quantitative field such as Statistics, Mathematics, Computer Science, Economics, or equivalent experience preferred
* From 6\+ years of professional working experience in applying applying statistical and ML solutions to business problems
* Strong proficiency in programming languages such as Python or R.
* Strong knowledge and hands\-on experience on machine learning, or statistics and experimentation
* Results oriented with strong analytical and problem solving skills
* Good business acumen with strong ability to solve business problems through data driven quantitative methodologies
* The ability to communicate results clearly to technical and non\-technical audiences
* Demonstrated ability to research and innovate solutions to solve business problems
* Experience in bank related products such as unsecured personal loans and credit card is preferred


**What We Offer**
 Join our vibrant team and enjoy:
   

  

* Opportunity to work and learn from one of the best and brightest technology teams in Vietnam
* Be part of a winning team with exponential growth regionally, experience recruiting world\-class talents
* Competitive compensation package, including 13th\-month salary and performance bonuses
* Comprehensive health care coverage for you and your dependents
* Generous leave policies, including annual leave, sick leave, and flexible work hours
* Convenient central district 1 office location, next to a future metro station
* Onsite lunch with multiple options, including vegetarian
* Grab for work allowance and fully equipped workstations
* Fun and engaging team building activities, sponsored sports clubs, and happy hour every Thursday
* Unlimited free coffee, tea, snacks, and fruit to keep you energized
* An opportunity to make a social impact by helping to democratize credit access in emerging markets


 At Trusting Social, we live by ownership, integrity, and agility in execution. We believe in doing what's right, what's best, and what's innovative. If you're smart, driven, and want to make a difference in the world with the most advanced and fascinating technology, come join our team. We offer the runway to truly make an impact.
   

  

 For more information about us, please visit our website: https://www.youtube.com/watch?v\=inAEDGvOcL8\&t\=29s",Software Development,https://sg.linkedin.com/showcase/trusting-social/,https://media.licdn.com/dms/image/v2/C560BAQEJXrhUE2rtgg/company-logo_100_100/company-logo_100_100/0/1630659566262/trusting_social_logo?e=2147483647&v=beta&t=Kpo50NF6SzsEJjA3LmD-oBpuODZnuG89jg5dVzqXxjc,,,,,,,,,,,,LinkedIn
li-4309707646,linkedin,https://www.linkedin.com/jobs/view/4309707646,,Junior Software Engineer (C++),Grasshopper Asset Management,,2025-11-27,fulltime,,,,,,False,entry level,Engineering and Information Technology,,,"**About Grasshopper**
 Grasshopper is a quantitative trading technology provider based in Singapore, and is the holding company of Grasshopper Asset Management. Our state\-of\-the\-art technology, built from the ground up in\-house, puts us at the forefront of developments in electronic trading. An unbroken record of consistency and profitability is underpinned by firm values of curiosity, empowerment and flexibility.
   

  

**About Grasshopper Asset Management**
 Grasshopper Asset Management, a subsidiary of Grasshopper, is a Licensed Fund Management Company (LFMC) regulated by the Monetary Authority of Singapore. With low\-latency quantitative strategies, we generate diversified, stable and uncorrelated returns with an unbroken 18 year streak of profitability by maintaining multiple layers of algorithmic and manual risk controls.
   

  

**About The Role**
 We are seeking a highly motivated Software Engineer to join our ETF trading team. Technology is at the core of how we approach our work and every one of our team members is intimately tied to every function of our business. The successful candidate should demonstrate an aptitude for problem solving and critical thinking.
   

  

 As a key member of the Trading Team, you’ll:
   

  

* Have end\-to\-end ownership of the development of algorithms and systematic strategies
* Work closely with traders to develop trading strategies
* Be responsible for every step of the SDLC, from testing, development, quality\-assurance to going\-live on production.
* Also be responsible for monitoring the performance of our systems in real\-time, so as to ensure that everything is running optimally.


**We’d Love For You To Have**
* Bachelors or Masters in Computer Science / Quantitative Finance / Mathematics or the equivalent; fresh graduates are welcomed to apply
* Strong coding capability in modern C\+\+
* Good communication skills
* Working knowledge of Linux
* Performs well independently and collectively as a team
* Ability to work in a fast\-paced environment and under pressure
* Knowledge of Financial Markets/Trading is a plus


**What We Offer**
* 21 days annual leave
* An opportunity to learn from experienced professionals, fostering mentorship opportunities and personal growth
* Comprehensive Insurance Package with extended coverage for dependents
* Well stocked pantry
* Annual Dental \& Wellness budget
* Gym membership
* Employee bonus referrals


 \#gam
   

  

**What You Can Expect Working At Grasshopper**
 At Grasshopper, you will be working in a diverse and dynamic environment with a flat hierarchy. With over 100 employees and 15 nationalities working in an open office, communication is essential to performance. To keep our edge as the “small giant” of trading technology, we give employees a high level of autonomy and encourage them to get creative, take risks, make mistakes and learn from them. The sprint is on!
   

  

 Grasshopper is an equal opportunity employer.",Financial Services,https://sg.linkedin.com/company/grasshopper-am,https://media.licdn.com/dms/image/v2/D560BAQFRz18hFKO9Yw/company-logo_100_100/company-logo_100_100/0/1706851371149/grasshopper_am_logo?e=2147483647&v=beta&t=N3y6ySyWahnIZboMTZXfkMf7N0RUWflmmfUEXfZz1Rg,,,,,,,,,,,,LinkedIn
li-4321240792,linkedin,https://www.linkedin.com/jobs/view/4321240792,https://careers.qualcomm.com/careers/job/446715347069?hl=en-US&domain=qualcomm.com&source=APPLICANT_SOURCE-6-2&urlHash=zqEe,AI Resident (Engineering),Qualcomm,,2025-11-27,fulltime,,,,,,True,not applicable,Other,,myhr.support@qualcomm.com,"**Company**
 Qualcomm Vietnam Company Limited, Hanoi Branch Office
   

  

**Job Area**
 Interns Group, Interns Group \> AI Resident
   

  

**Qualcomm Overview**
 Qualcomm is a company of inventors that unlocked 5G ushering in an age of rapid acceleration in connectivity and new possibilities that will transform industries, create jobs, and enrich lives. But this is just the beginning. It takes inventive minds with diverse skills, backgrounds, and cultures to transform 5Gs potential into world\-changing technologies and products. This is the Invention Age \- and this is where you come in.
   

  

**General Summary**
* The application period is from 10 November to 28 November 2025\.


 Please ensure all required materials are submitted within this timeframe to be considered.
   

  

 The Qualcomm® AI Residency Program is a distinguished training ground for exceptional AI talent. It identifies and cultivates top young minds, shaping them into world\-class AI experts and future industry leaders.
   

  

 Qualcomm is opening applications for
 **Engineering Residency Batch 2** 
 .
   

  

**About the Engineering Residency Program (ERP) (12 months):** 
 Residents will address practical AI engineering challenges in domains such as efficient AI, embedded engineering, and agentic AI. Engineering residents will develop robust engineering capabilities and engage in research rotations to become versatile, inquisitive AI engineers.
   

  

**Eligibility \& Qualifications**
* Final\-year students or recent graduates in Computer Science (or cognate fields) from Vietnamese or international universities.
* Minimum GPA: 3\.2/4\.0 or 8\.0/10 or equivalent.
* Strong, self\-driven interest in research and ability to learn complex technical material.
* Exceptional aptitude in mathematics and coding. Preference given to candidates with demonstrated abilities (e.g., research experience, competitions, GitHub repos, AI coursework).
* Familiarity with Python and AI frameworks like TensorFlow, PyTorch, or Keras
* Competent English language skills in reading, writing, and speaking. Specialized technical English communication training will be provided.
* Corporate internship experience is a plus.


**Key Responsibilities**
* Collaborate with cross\-functional teams to design, build, and deploy AI solutions for various applications.
* Assist in data preparation, model training, and algorithm selection under the guidance of engineer mentors.
* Conduct experiments and tests to evaluate the performance of AI models and optimize them for production.
* Write clean and maintainable code that supports the development and deployment of AI systems.
* Stay updated with the latest AI trends and technologies to bring innovative ideas to the team.


**Selection Process**
 The Qualcomm AI Residency Program employs a rigorous multi\-stage selection process. The standard procedure includes the following rounds:
   

  

* Application
* Screening
* Portfolio review
* Coding interview
* Video presentation
* Technical interview


 A fast\-track application is available for academically outstanding students who have demonstrated exceptional achievements, such as winning high prizes in International Olympiads in Mathematics, Informatics, or prestigious international programming competitions like ACM\-ICPC. Applicants eligible for the fast\-track process will be contacted separately.
   

  

****ATTENTION****
 : Your application
 **must** 
 include the following documents:
   

  

* Resume
* Academic transcript
* Academic diploma (if already graduated)
* A letter of recommendation is optional but strongly encouraged.


 Please combine all documents into a
 **single PDF file** 
 and upload it with your application. Incomplete applications may not be considered.
   

  

 All work is conducted onsite at our Vietnam office, and remote work arrangements are not available.
   

  

 For applicants in their final year of undergraduate study, a provisional graduation certificate is acceptable in place of the diploma.
   

  

**Applicants** 
 : Qualcomm is an equal opportunity employer. If you are an individual with a disability and need an accommodation during the application/hiring process, rest assured that Qualcomm is committed to providing an accessible process. You may e\-mail myhr.support@qualcomm.com or call Qualcomm's toll\-free number found
 **here** 
 . Upon request, Qualcomm will provide reasonable accommodations to support individuals with disabilities to be able participate in the hiring process. Qualcomm is also committed to making our workplace accessible for individuals with disabilities.
   

  

 Qualcomm expects its employees to abide by all applicable policies and procedures, including but not limited to security and other requirements regarding protection of Company confidential information and other confidential and/or proprietary information, to the extent those requirements are permissible under applicable law.
   

  

**To all Staffing and Recruiting Agencies:** 
 Our Careers Site is only for individuals seeking a job at Qualcomm. Staffing and recruiting agencies and individuals being represented by an agency are not authorized to use this site or to submit profiles, applications or resumes, and any such submissions will be considered unsolicited. Qualcomm does not accept unsolicited resumes or applications from agencies. Please do not forward resumes to our jobs alias, Qualcomm employees or any other company location. Qualcomm is not responsible for any fees related to unsolicited resumes/applications.
   

  

 If you would like more information about this role, please contact Qualcomm Careers.",Telecommunications,https://www.linkedin.com/company/qualcomm,https://media.licdn.com/dms/image/v2/D560BAQFOe36gT9mXIQ/company-logo_100_100/company-logo_100_100/0/1709233599959/qualcomm_logo?e=2147483647&v=beta&t=iGqgBDuzGG9XMxMrP62LF-NaNkyTgXbw1_Xp_Sghqdk,,,,,,,,,,,,LinkedIn
li-4339186200,linkedin,https://www.linkedin.com/jobs/view/4339186200,https://careers.techvify.com/tuyen-dung-it/business-analyst-3/&urlHash=-p4B,Business Analyst,Techvify,"Hanoi, Hanoi, Vietnam",2025-11-27,fulltime,,,,,,True,mid-senior level,"Research, Analyst, and Information Technology",,"careers@techvify.com.vn, careers@techvify.com.vn","Thu nhập
   

  

 Up to 50M
   

  

 Cấp bậc
   

  

 Senior
   

  

 Hình thức
   

  

 Full Time
   

  

 Địa điểm làm việc
   

  

 Hà Nội
   

  

 TECHVIFY Corporation is an End to End AI\-Powered Digital Transformation Partner.
   

  

 At TECHVIFY, we don’t just build software.
   

  

 We engineer breakthroughs.
   

  

 We innovate with AI, craft with code, and scale with cloud.
   

  

 We partner with startups, enterprises, and even competitors on a shared mission:
   

  

 To turn bold ideas into real\-world impact.
   

  

 If you’re looking to lead digital transformation through intelligent software, we’re ready to build with you.
   

  

 Let’s create the future – together.
   

  

 Key Responsibilities
   

  

**Business Analysis \& Requirement Management**
* Work directly with clients (Product Owner, Business Users, Stakeholders) to conduct requirement elicitation sessions: interviews, workshops, use\-case modeling.
* Analyze and transform business needs into well\-structured user stories, acceptance criteria, workflow diagrams, data models.
* Define and maintain Product Backlog, ensure requirements are clear, traceable, and aligned with business goals.
* Perform gap analysis, impact analysis, and propose feasible solutions.
* Collaborate with UX/UI team to validate wireframes and functional design.


**Solution Design \& Consulting**
* Provide consulting to client on business workflows, process optimization, and system enhancements.
* Collaborate with Technical Architect and Dev Lead to validate solutions, ensure technical feasibility.
* Create solution mapping: business → functional → technical.
* Support clients in defining MVP scope, release roadmap, and product KPIs.


**Project Support**
* Work closely with PM to define scope, estimation, and delivery plan.
* Support the Dev \& QA team by clarifying requirements, reviewing test cases, verifying functionality.
* Participate in UAT planning, UAT support, defect triage with client.
* Decompose complex requirements into sprint\-ready items.


**Documentation**
* Create and maintain high\-quality artifacts:
+ BRD/SRS (Business/Software Requirement Specification)
+ User Stories \& Acceptance Criteria
+ Process Flow, Use\-case diagrams, Data Dictionary
+ Non\-functional requirements
+ UAT scenarios


**Stakeholder Communication**
* Act as the main bridge between client and development team.
* Proactively manage expectations, identify risks, and escalate issues to PM/Delivery Lead.
* Facilitate requirement walkthroughs, sprint reviews, demo sessions.


**Required Skills \& Qualifications**
**Professional Expertise**
* 4\+ years of experience as BA in software development.
* Strong understanding of:
+ Software development lifecycle (Agile/Scrum, Kanban)
+ Web/Mobile architecture basics
+ API/Integration concepts
+ Data modeling, workflow automation

* Experience with enterprise systems such as ERP/CRM is a plus.
* Experience working in multi\-project environment or large accounts.


**Analytical \& Methodology Skills**
* Excellent skills in requirement elicitation, decomposition, prioritization.
* Strong problem\-solving mindset, structured thinking.
* Ability to translate business needs into technical requirements.
* Experience with BPMN/UML, user flow diagrams.


**Tools**
* Jira / Azure DevOps / ServiceNow
* Confluence
* Figma / Miro / Draw.io
* SQL basic reading
* Postman (understanding API test flow)


**Soft Skills**
* Excellent communication in English.
* Strong stakeholder management: managing expectations, conflict resolution.
* Presentation skills, documentation clarity.
* Ownership mindset, proactive, independent.


**Nice\-to\-have**
* Experience with AI/Automation projects (OCR, RPA, chatbot, data mapping).
* Experience in manufacturing, fintech, retail, logistics.
* Pre\-sales experience: supporting estimation, solution proposal.


**Benefits**
* Salary: Up to 50M
* Join a global team and work directly with many talents around the world.
* Opportunities for onsite work in Japan, Singapore, Australia, and many other countries.
* Work and grow in a dynamic, creative, and professional environment.
* Healthcare: Premium Health Insurance TECHVIFY Care
* 13 months’ salary per year.
* Annual salary evaluation.
* Sponsor and encourage staff to study courses by covering tuition fees, such as Udemy, Coursera.


 How to apply
   

  

 If you are a driven and talented Business Analyst looking for an opportunity to be part of something extraordinary, please submit your resume and cover letter for consideration.
   

  

 Join our team and let’s create amazing things together! Send your updated CV to this email address:
   

  

* Email: careers@techvify.com.vn
* About us: Techvify \| End\-to\-End AI\-Powered Digital Transformation Partner


 Nộp CV ứng tuyển
   

  

 Vui lòng nhập họ tên của bạn
   

  

 Vui lòng nhập email của bạn
   

  

 Vui lòng nhập số điện thoại của bạn
   

  

 Vị trí bạn quan tâm iOS Developer Business Analyst Mid/Senior QA Engineer DevOps Engineer Android Developer Legal Executive Presales Business Analyst \- AI Solution Java Engineer Data Scientist Senior Data engineer .Net Engineer Mid/Senior Python Engineer Senior Backend Engineer (Java/Golang) Technical Leader \- Python/AI Technical Lead Automation QA Manager Software Engineer for JP market BrSE for JP Market Account Manager Process Quality Assurance Quality Assurance Leader Application Managed Service L2 Senior Java Developer Senior PHP Developer Senior International Sales Executive Business Analyst Korea Sales Manager Senior PQA Lead Intern AI Solution Engineer Sales Executive (Japan Market) Devops Engineer AI Engineer Python Developer Mobile Developer Technical Project Manager Frontend Developer Senior Solutions Architect / Consultant Business Analyst/ Product Owner Intern Project Coordinator NodeJS Developer Golang Developer Senior Frontend Developer Product Quality Assurance Senior International Sales Frontend Developer Intern Sales IT Quality Assurance Engineer Senior Nodejs Developer Middle Fullstack Developer Senior C\# Developer Fresher Japanese Content Creator (EB) IT Helpdesk Senior Ruby on Rails Developer Business Analyst Manual Tester Middle/Senior Auto QA Engineer Senior Frontend Developer (ReactJS) Project Manager/ Scrum Master Sales Manager Sales Manager \- HN Content Marketing Specialist (Creative) Intern Sales \- HCM Senior Software Engineer Project Manager Junior/Middle Quality Assurance Intern AI Engineer Senior UI/UX Designer Branding Executive (EB) Intern Fullstack/ReactJs/Python/Go Developer Intern ReactJS Developer Intern Fullstack (NodeJS, ReactJS) Developer Middle/Senior Backend Developer (NodeJS/Golang) onsite Singapore Junior/Middle PHP (Wordpress) Developer Mid\-Senior Front\-end Developer onsite Singapore Junior/Middle Java Developer Junior/Middle Golang Developer Junior/Middle .NET Developer Intern Employer Branding Junior/Middle NodeJs Developer Nhân viên Đào tạo Nội bộ Product Owner Support Engineering Junior/Middle Business Analyst Senior Java Developer Graphic Designer \[Junior/Middle] Senior Quality Assurance Scrum Master/Project Manager \[Intern/ Fresher] Marketing Manager Marketing Manager Sales Development Representative Senior Account Executive Head Of Account Management Senior Partner Sales Manager Senior Solution Sales Executive Senior Sales Executive Middle/Senior Python Developer Automation Test Engineer Talent Acquisition Specialist Talent Acquisition Intern Chuyên viên Đào tạo Nội bộ Quality Assurance \[Junior/Middle] Senior Fullstack Developers IT Recruiter \[Mid/Senior] Social Content Creator \[thị trường Nhật] Front\-end Developer \[Junior/Middle] IT Recruitment Lead Chuyên viên Truyền thông Nội bộ Social Content Creator Technical Project Manager Delivery Manager \[Global Market] Junior/Mid Java Engineer \[Onsite] Junior AI Engineer International Sales Executive Senior React Native Engineer Junior Java Engineer Mid/Senior Java Developer Mid/Senior Java Developer Mid\-Senior Nodejs Developer Junior/Mid\-level .NET Software Engineer Junior /Middle Business Analyst Financial Assistant \[Onsite] Junior ReactJS Developer Intern Golang Developer Senior IT Content Creator (Onsite/ Remote) Accountant Intern Office Administrator Human Resource Manager (HRM) Middle/Senior Quality Assurance ReactJS Developer Middle ReactJS Developer (Junior/Mid) Digital Marketing Executive Delivery Manager (Japan Market) Recruitment Lead Senior FullStack Developer Đà Nẵng Senior Flutter (Mobile) Golang Developer \[Senior/Lead] Fresher Golang Solution Architect Digital Marketing Lead (Onsite/Remote) Sales Manager \[Hanoi \& HCMC] Business Development Interns \[Hanoi \& HCMC] Senior Sales Executive (Global Market) Senior Node.Js Developer DevOps Engineer (Azure) Quản lý chất lượng dự án phần mềm (PQA) Mid/Senior Java Developer \[Japan] Senior/ Middle C\# Developer \[Japan] Senior/ Middle C/C\+\+ Developer \[Japan] IT Project Manager Middle/Senior Golang Developer Senior Sales Executive (Japan Market) Senior Java Developer Mid\-Senior Java Developer Java Technical Leader Bridge System Engineer (BrSE) \- Japan Senior .NET /C\# Developer Middle/Senior Python Developer Performance Marketing Specialist Sales Assistant (Graduate \- Junior) Senior Vue.Js Developer Senior ReactJs Developer PHP Team Leader Senior PHP Developer Chuyên Viên IT Recruiter Junior PHP Developer Automation QA Vị trí khác
   

  

 Business Analyst
   

  

* Vị trí bạn quan tâm
* iOS Developer
* Business Analyst
* Mid/Senior QA Engineer
* DevOps Engineer
* Android Developer
* Legal Executive
* Presales Business Analyst \- AI Solution
* Java Engineer
* Data Scientist
* Senior Data engineer
* .Net Engineer
* Mid/Senior Python Engineer
* Senior Backend Engineer (Java/Golang)
* Technical Leader \- Python/AI
* Technical Lead
* Automation QA Manager
* Software Engineer for JP market
* BrSE for JP Market
* Account Manager
* Process Quality Assurance
* Quality Assurance Leader
* Application Managed Service L2
* Senior Java Developer
* Senior PHP Developer
* Senior International Sales Executive
* Business Analyst
* Korea Sales Manager
* Senior PQA Lead
* Intern AI Solution Engineer
* Sales Executive (Japan Market)
* Devops Engineer
* AI Engineer
* Python Developer
* Mobile Developer
* Technical Project Manager
* Frontend Developer
* Senior Solutions Architect / Consultant
* Business Analyst/ Product Owner
* Intern Project Coordinator
* NodeJS Developer
* Golang Developer
* Senior Frontend Developer
* Product Quality Assurance
* Senior International Sales
* Frontend Developer
* Intern Sales IT
* Quality Assurance Engineer
* Senior Nodejs Developer
* Middle Fullstack Developer
* Senior C\# Developer
* Fresher Japanese Content Creator (EB)
* IT Helpdesk
* Senior Ruby on Rails Developer
* Business Analyst
* Manual Tester
* Middle/Senior Auto QA Engineer
* Senior Frontend Developer (ReactJS)
* Project Manager/ Scrum Master
* Sales Manager
* Sales Manager \- HN
* Content Marketing Specialist (Creative)
* Intern Sales \- HCM
* Senior Software Engineer
* Project Manager
* Junior/Middle Quality Assurance
* Intern AI Engineer
* Senior UI/UX Designer
* Branding Executive (EB)
* Intern Fullstack/ReactJs/Python/Go Developer
* Intern ReactJS Developer
* Intern Fullstack (NodeJS, ReactJS) Developer
* Middle/Senior Backend Developer (NodeJS/Golang) onsite Singapore
* Junior/Middle PHP (Wordpress) Developer
* Mid\-Senior Front\-end Developer onsite Singapore
* Junior/Middle Java Developer
* Junior/Middle Golang Developer
* Junior/Middle .NET Developer
* Intern Employer Branding
* Junior/Middle NodeJs Developer
* Nhân viên Đào tạo Nội bộ
* Product Owner
* Support Engineering
* Junior/Middle Business Analyst
* Senior Java Developer
* Graphic Designer \[Junior/Middle]
* Senior Quality Assurance
* Scrum Master/Project Manager \[Intern/ Fresher]
* Marketing Manager
* Marketing Manager
* Sales Development Representative
* Senior Account Executive
* Head Of Account Management
* Senior Partner Sales Manager
* Senior Solution Sales Executive
* Senior Sales Executive
* Middle/Senior Python Developer
* Automation Test Engineer
* Talent Acquisition Specialist
* Talent Acquisition Intern
* Chuyên viên Đào tạo Nội bộ
* Quality Assurance \[Junior/Middle]
* Senior Fullstack Developers
* IT Recruiter \[Mid/Senior]
* Social Content Creator \[thị trường Nhật]
* Front\-end Developer \[Junior/Middle]
* IT Recruitment Lead
* Chuyên viên Truyền thông Nội bộ
* Social Content Creator
* Technical Project Manager
* Delivery Manager \[Global Market]
* Junior/Mid Java Engineer \[Onsite]
* Junior AI Engineer
* International Sales Executive
* Senior React Native Engineer
* Junior Java Engineer
* Mid/Senior Java Developer
* Mid/Senior Java Developer
* Mid\-Senior Nodejs Developer
* Junior/Mid\-level .NET Software Engineer
* Junior /Middle Business Analyst
* Financial Assistant \[Onsite]
* Junior ReactJS Developer
* Intern Golang Developer
* Senior IT Content Creator (Onsite/ Remote)
* Accountant Intern
* Office Administrator
* Human Resource Manager (HRM)
* Middle/Senior Quality Assurance
* ReactJS Developer Middle
* ReactJS Developer (Junior/Mid)
* Digital Marketing Executive
* Delivery Manager (Japan Market)
* Recruitment Lead
* Senior FullStack Developer Đà Nẵng
* Senior Flutter (Mobile)
* Golang Developer \[Senior/Lead]
* Fresher Golang
* Solution Architect
* Digital Marketing Lead (Onsite/Remote)
* Sales Manager \[Hanoi \& HCMC]
* Business Development Interns \[Hanoi \& HCMC]
* Senior Sales Executive (Global Market)
* Senior Node.Js Developer
* DevOps Engineer (Azure)
* Quản lý chất lượng dự án phần mềm (PQA)
* Mid/Senior Java Developer \[Japan]
* Senior/ Middle C\# Developer \[Japan]
* Senior/ Middle C/C\+\+ Developer \[Japan]
* IT Project Manager
* Middle/Senior Golang Developer
* Senior Sales Executive (Japan Market)
* Senior Java Developer
* Mid\-Senior Java Developer
* Java Technical Leader
* Bridge System Engineer (BrSE) \- Japan
* Senior .NET /C\# Developer
* Middle/Senior Python Developer
* Performance Marketing Specialist
* Sales Assistant (Graduate \- Junior)
* Senior Vue.Js Developer
* Senior ReactJs Developer
* PHP Team Leader
* Senior PHP Developer
* Chuyên Viên IT Recruiter
* Junior PHP Developer
* Automation QA
* Vị trí khác


 Vui lòng chọn vị trí tuyển dụng bạn quan tâm
   

  

 Tải lên CV của bạn
   

  

 (Hãy tải lên CV của bạn ở định dạng .doc .docx .pdf không quá 5MB)
   

  

 Chọn file hoặc kéo thả vào đây
   

  

 Vui lòng tải CV của bạn
   

  

 Bạn biết đến thông tin tuyển dụng của TECHVIFY qua kênh nào? Group facebookFanpage TECHVIFY CareersLinkedin TECHVIFY CareersGoogle SearchTiktok Techvify OfficialTiktok Celine NguyenTiktok Thedev\_dadChuyên viên tuyển dụng TechvifyYoutube TECHVIFY CareersKhác
   

  

 Bạn biết đến thông tin tuyển dụng của TECHVIFY qua kênh nào?
   

  

* Bạn biết đến thông tin tuyển dụng của TECHVIFY qua kênh nào?
* Group facebook
* Fanpage TECHVIFY Careers
* Linkedin TECHVIFY Careers
* Google Search
* Tiktok Techvify Official
* Tiktok Celine Nguyen
* Tiktok Thedev\_dad
* Chuyên viên tuyển dụng Techvify
* Youtube TECHVIFY Careers
* Khác


 Vui lòng chọn Bạn biết đến thông tin tuyển dụng của TECHVIFY qua kênh nào?
   

  

 Hoặc
   

  

**Gửi CV Qua Email**
 careers@techvify.com.vn
   

  

**Liên Hệ Số Điện Thoại**
 02477760688",IT Services and IT Consulting,https://vn.linkedin.com/company/techvify,https://media.licdn.com/dms/image/v2/D560BAQHRgZNZ7J0GmA/company-logo_100_100/B56ZmAEYV7J4AQ-/0/1758790256423/techvify_logo?e=2147483647&v=beta&t=ORj-S_coMPbX4WUCsXDkaHRNSuQO2ohsnHNmf-Pnn1Y,,,,,,,,,,,,LinkedIn
li-4347839217,linkedin,https://www.linkedin.com/jobs/view/4347839217,https://www.wanekcareer.com/Recruitment/Details/JOB3387&urlHash=3z20,Data Engineer,Wanek Furniture,"Binh Duong, Vietnam",,fulltime,,,,,,False,entry level,Information Technology,,,"**Job Descriptions**
* Collaborate with AI/ML Engineers to design and maintain data pipelines (ETL/ELT) from ERP, IoT, and production systems.
* Clean, transform, and structure data for machine learning and analytics.
* Manage data storage, processing, and retrieval in Data Warehouse or Data Lake environments.
* Conduct exploratory data analysis and statistical modeling to support AI initiatives.
* Ensure data quality, integrity, and compliance with company standards.
* Translate business requirements into data\-driven solutions in collaboration with IT and business stakeholders.
* Monitor and optimize data workflows for performance and scalability.
* Document data processes and model workflows for maintainability.


**Requirements**
* Bachelor’s degree in Computer Science, Information Technology, Data Science, or a related field.
* Minimum 2\-3 years of hands\-on experience in Data engineering, Data integration, or a similar data\-focused role.
* Strong proficiency in SQL and Python, with experience using data manipulation libraries such as Pandas and PySpark.
* Proven experience in designing and implementing ETL/ELT pipelines and automating data workflows.
* Familiarity with cloud platforms such as Azure, AWS, or Google Cloud Platform (GCP), including cloud\-based data storage and processing tools.
* Experience working with APIs, relational and NoSQL databases, and large\-scale data processing systems.
* Solid understanding of data modeling, schema design, and data governance best practices.
* Strong analytical and problem\-solving skills, with the ability to work both independently and in cross\-functional teams.
* Good English communication.",Furniture,https://vn.linkedin.com/company/wanek-furniture,https://media.licdn.com/dms/image/v2/D560BAQE_xlmpkhSrtg/company-logo_100_100/B56ZYUVur9HEAY-/0/1744097963346/wanek_furniture_logo?e=2147483647&v=beta&t=e8-vIgfALUL05VTv4UD0F5OKptRqIL471udMw5H0ZVw,,,,,,,,,,,,LinkedIn
li-4321167869,linkedin,https://www.linkedin.com/jobs/view/4321167869,,Seller Performance - Seller Pricing Project Associate - Shopee,Shopee,"Ho Chi Minh City, Ho Chi Minh City, Vietnam",,fulltime,,,,,,False,entry level,"Sales, Business Development, and Strategy/Planning",,,"**Job Description**
* Monitor price competitiveness: maintain tracker and monitor price competitiveness closely; work closely with Business Intelligence (BI) to make necessary data \& tracker adjustments;
* Collaborate cross\-functionally: work with business development (BD), BI, and Product teams to execute pricing actions;
* Assist in driving seller adoption and engagement for pricing\-related tools \& features via data analysis and solution development \& execution;
* Analyze \& improve performance via data\-driven analysis to refine pricing strategies and enhance seller engagement;
* Manage E2E workflow with 3rd party vendors, including contract management, paperwork handling, and resolution of ad\-hoc operational issues, while managing workload distribution and daily operations for a large team of third\-party staff performing business development administrative tasks related to pricing;
* Work closely with Local and Regional Product to roll out new features in Vietnam and provide feedback loops to Regional teams for seamless seller/user experience;
* Identify seller needs \& feature enhancement opportunity and discuss with Product regarding feature development/improvement;
* Other tasks as assigned.


**Requirements**
* Fresh graduates or candidates with less than one year of relevant experience;
* Analytical and data\-driven approach to problem solving; comfortable with numbers and conducting analyses;
* Passion for creating highly usable and thorough dashboards/visualizations;
* Strong analytical thinking and ability to learn quickly with can do attitude;
* Advanced Excel skills with knowledge in Power Query, Power Pivots;
* Critical thinking, multitasking \& creative thinking;
* Strong verbal and written communication skills in both English and Vietnamese to coordinate with stakeholders;
* Good team player, positive attitude, and eager to learn.


**Please note that only shortlisted candidates will be contacted for the next steps within three weeks.**","Internet Marketplace Platforms and Technology, Information and Internet",https://sg.linkedin.com/company/shopee,https://media.licdn.com/dms/image/v2/C560BAQE0iX_dgdH7nA/company-logo_100_100/company-logo_100_100/0/1672279162763/shopee_logo?e=2147483647&v=beta&t=SWHj8amyrLFDHnAHrTUM5qgh2VVhjOcjV2XdwgfwoFg,,,,,,,,,,,,LinkedIn
li-4324944850,linkedin,https://www.linkedin.com/jobs/view/4324944850,,AI Researcher,VinDynamics,"Hanoi, Hanoi, Vietnam",,fulltime,,,,,,False,mid-senior level,Engineering and Information Technology,,,"**AI Researcher – Conversational AI / Multimodal LLM** 

 Hanoi, Vietnam \| Full\-time \| Humanoid Robotics
 



 VinDynamics is building the next generation of humanoid robots capable of
 **natural communication** 
 , contextual understanding, and seamless interaction with humans.
 



 We are looking for an
 **AI Researcher** 
 specializing in
 **NLP, LLMs, and Conversational AI** 
 , with strong
 **publications (ACL/EMNLP/NeurIPS/ICLR)** 
 .
 


**What You Will Do** 
* Conduct advanced research in
 **Conversational AI, Large Language Models, and Dialogue Systems**
* Develop LLM\-based conversational models for humanoid robots:



 → Reasoning, long\-context memory, grounding, safety
 


* Publish research at
 **ACL, EMNLP, NAACL, NeurIPS, ICML, ICLR**
* Build NLU pipelines (intent, DST, slot filling, safety filtering)
* Integrate LLMs with ASR/TTS and vision modules to create natural human–robot interaction
* Deploy and optimize models on
 **Jetson AGX Orin, RTX GPUs** 
 , and test on real humanoid robots


**Requirements** 
**Must Have** 
* Master’s/PhD in NLP/AI/ML/CS/Cognitive Science/Robotics
* Strong publication record (ACL/EMNLP/NAACL or top\-tier ML conferences)
* Deep understanding of Transformer\-based LLMs (LLaMA, GPT, Qwen, T5, PaLM, etc.)
* Experience fine\-tuning conversational models and building datasets
* Strong Python \& PyTorch skills


**Nice to Have** 
* Experience in ASR/TTS or multimodal LLMs
* Background in HRI (Human–Robot Interaction)
* Knowledge of RLHF, RLAIF, alignment, and hallucination mitigation
* Contributions to open\-source NLP/LLM projects",Robotics Engineering,https://vn.linkedin.com/company/vindynamics,https://media.licdn.com/dms/image/v2/D560BAQHGUhtYXTfYiw/company-logo_100_100/B56ZnSDYAsHkAQ-/0/1760165725061/vindynamics_logo?e=2147483647&v=beta&t=I2xOgcMy21EAHgTSgQ-VBJBPper_JTcapTzCXJHrYhE,,,,,,,,,,,,LinkedIn
li-4325023355,linkedin,https://www.linkedin.com/jobs/view/4325023355,,Senior Data Scientist,Ngân hàng TMCP Đông Nam Á - SEABANK,,,fulltime,,,,,,False,mid-senior level,Engineering and Information Technology,,,"🚀 The Mission
 



 SeABank is scaling its Advanced Analytics capabilities to drive hyper\-personalization for millions of customers. We are seeking a Senior Data Scientist who bridges the gap between complex algorithms and real\-world banking revenue.
 



 In this role, you will move beyond manual model training. You will leverage AutoML to accelerate experimentation and build robust MLOps pipelines to deploy Propensity, NBO (Next Best Offer), and NBA (Next Best Action) models at scale.
 



 🔥 Key Responsibilities
 



 1\. Advanced Customer Analytics (Propensity \& Personalization)
 



 • Propensity Modeling: Design and deploy high\-precision models to predict customer likelihood to purchase (Credit Cards, CASA, Loans, Insurance) using comprehensive behavioral data.
 



 • NBO \& NBA Engines: Build recommendation systems (Next Best Offer / Next Best Action) to deliver the right message, to the right customer, at the right time across digital and physical channels.
 



 • Customer Lifecycle AI: Develop models for Churn Prediction, Reactivation, and Uplift Modeling to optimize marketing spend and retention strategies for Retail and SME segments.
 



 2\. AutoML \& Efficiency Strategy
 



 • Accelerated Modeling: Utilize AutoML frameworks (e.g., H2O, FLAML, AutoGluon, or custom wrappers) to rapidly benchmark baselines, select features, and tune hyperparameters.
 



 • Standardization: Create reusable coding templates and libraries to reduce ""Time\-to\-Model"" for the broader data science team.
 



 3\. MLOps \& Model Lifecycle Management
 



 • End\-to\-End Deployment: Move models from Jupyter Notebooks to production environments using Docker/Kubernetes.
 



 • Model Monitoring: Implement monitoring solutions (detecting Data Drift, Concept Drift) to ensure model performance remains stable over time.
 



 • CI/CD for ML: Collaborate with Data Engineers to build automated retraining pipelines using tools like MLflow, Airflow, or Kubeflow.
 



 🎯 What We Are Looking For
 



 Core Technical Skills:
 



 • Experience: 3\+ years in Data Science with a proven track record in Banking, Fintech, or E\-commerce.
 



 • Programming: Mastery of Python (Pandas, Polars, Scikit\-learn) and SQL for complex data wrangling.
 



 • Modeling Expertise: Deep understanding of Ensemble methods (XGBoost, LightGBM, CatBoost) and Classification/Regression problems.
 



 • Business Solvers: Strong experience specifically with Propensity Scoring, Collaborative Filtering, and Segmentation.
 



 Operational Excellence (The ""Must\-Haves""):
 



 • AutoML: Experience using AutoML tools to streamline the modeling process is highly preferred.
 



 • MLOps: Hands\-on experience with model registry, versioning, and deployment tools (e.g., MLflow, Docker).
 



 • Cloud \& Big Data: Familiarity with AWS/GCP or Spark/Hadoop ecosystems is a plus.
 



 💡 Why This Role Matters
 



 • Direct Impact: Your Propensity and NBO models will be the engine behind SeABank’s marketing campaigns and sales strategies.
 



 • Tech Freedom: We encourage the use of AutoML to remove repetitive tasks so you can focus on feature engineering and solving hard business problems.
 



 • Innovation: Join a team that values production\-grade code over research papers.",Banking,https://vn.linkedin.com/company/seabank,https://media.licdn.com/dms/image/v2/C560BAQHl3kozpQOjpQ/company-logo_100_100/company-logo_100_100/0/1672111846203/seabank_logo?e=2147483647&v=beta&t=KZP0wKwi_tqFNHaRMlHjtEA7tqFqrNehH9nUZbsPs_Y,,,,,,,,,,,,LinkedIn
li-4325003217,linkedin,https://www.linkedin.com/jobs/view/4325003217,,"Data Engineer Lead (Snowflake, Lakehouse Architecture)",Gmass HR Solutions VietNam,"Ho Chi Minh City, Vietnam",,fulltime,,,,,,False,not applicable,Information Technology,,,"**Salary: Upto 70 Mil** 




**Job Description** 




 · Lead the full architecture and development of a modern, cloud\-native data platform on Snowflake, aligned with Lakehouse principles.
 



 · Build and maintain advanced ETL/ELT pipelines with strong reliability, performance, scalability, and reusability.
 



 · Design and optimize analytical data models (star schema, normalized models) for BI, analytics, and machine learning use cases.
 



 · Partner closely with data scientists and AI engineers to deliver training datasets, model\-scoring pipelines, and data services supporting AI/agent applications.
 



 · Manage ingestion and integration of both structured and unstructured data while ensuring robust data governance, security, and compliance.
 



 · Promote best practices in code quality, documentation, testing, and CI/CD across the data engineering team.
 



 · Mentor junior and mid\-level engineers, perform code reviews, and cultivate a high\-standards engineering culture.
 



 · Collaborate directly with global product and business teams in fluent English—covering requirement gathering, solution design, and presenting architectural recommendations.
 



 · Support the development of AI agents and intelligent data services leveraging real\-time data and vector\-based retrieval.
 



 · Lead performance optimization, cost control, and scalable infrastructure management across the data ecosystem.
 



**Required working experience** 




 · 5\+ years of hands\-on experience in data engineering or large\-scale data platform development.
 



 Required Languages:
 



 · Excellent English communication skills—comfortable working with international teams and senior stakeholders.
 



**Required knowledge and skills** 




 · Demonstrated expertise with Snowflake, including architecture, performance tuning, cost optimization, and ELT design. (Experience with Databricks/Spark/Delta Lake is a plus.)
 



 · Advanced proficiency in Python and SQL with the ability to deliver production\-quality code.
 



 · Practical experience building ETL/ELT workflows using Airflow, dbt, or similar orchestration frameworks.
 



 · Strong knowledge of Lakehouse architecture, data warehousing concepts, and large\-scale performance optimization.
 



 · Solid understanding of cloud platforms (AWS, Azure, or GCP).",Human Resources Services,https://vn.linkedin.com/company/gmass-hr-solutions-vietnam,https://media.licdn.com/dms/image/v2/D560BAQEGPdyFs483bg/company-logo_100_100/company-logo_100_100/0/1721293214921/gmass_hr_solutions_vietnam_logo?e=2147483647&v=beta&t=DBn1OwI6RsYx2XQGluWzSri7AhpBp6qa-gTshdtED40,,,,,,,,,,,,LinkedIn
